date,equity,cash,positions,eligible,rebalanced
2021-09-02,1000000.0,1000000.0,0,81,True
2021-09-03,977215.2618,42483.26179999995,5,79,False
2021-09-06,959499.2618,42483.26179999995,5,79,False
2021-09-07,1010839.2618,42483.26179999995,5,80,False
2021-09-08,999313.2618,42483.26179999995,5,81,False
2021-09-09,1045237.2618,42483.26179999995,5,85,True
2021-09-10,1058977.78158,8473.781579999952,6,87,False
2021-09-13,1084554.78158,8473.781579999952,6,88,False
2021-09-14,1087640.78158,8473.781579999952,6,89,False
2021-09-15,1072133.78158,8473.781579999952,6,92,False
2021-09-16,1053844.78158,8473.781579999952,6,90,True
2021-09-17,986775.63721,83.63720999994433,6,92,False
2021-09-22,1052971.6372099998,83.63720999994433,6,92,False
2021-09-23,1048587.6372099998,83.63720999994433,6,92,False
2021-09-24,988947.63721,83.63720999994433,6,93,False
2021-09-27,932081.63721,83.63720999994433,6,90,True
2021-09-28,952204.8397299999,99.83972999991965,6,87,False
2021-09-29,896429.8397299999,99.83972999991965,6,85,False
2021-09-30,908686.8397299999,99.83972999991965,6,82,False
2021-10-08,828932.8397299999,99.83972999991965,6,83,False
2021-10-11,839425.8397299999,99.83972999991965,6,83,True
2021-10-12,816170.5314199999,617.5314199999193,7,85,False
2021-10-13,799428.2287299999,142851.22872999992,6,83,False
2021-10-14,799117.22873,142851.22872999992,6,82,False
2021-10-15,829691.2287299999,142851.22872999992,6,80,False
2021-10-18,869795.2287299999,142851.22872999992,6,79,True
2021-10-19,868645.7356299999,606.7356299999228,6,79,False
2021-10-20,845055.7356299999,606.7356299999228,6,77,False
2021-10-21,878280.7356299999,606.7356299999228,6,73,False
2021-10-22,822911.7356299999,606.7356299999228,6,66,False
2021-10-25,856381.7356299999,606.7356299999228,6,64,True
2021-10-26,861229.7306899999,107.73068999992279,7,60,False
2021-10-27,847473.7306899999,107.73068999992279,7,58,False
2021-10-28,801565.7306899999,107.73068999992279,7,56,False
2021-10-29,802200.5402299999,197713.54022999993,5,56,False
2021-11-01,780939.4144299999,355765.4144299999,4,58,True
2021-11-02,746305.7185999999,57847.718599999906,5,57,False
2021-11-03,738315.7185999999,57847.718599999906,5,58,False
2021-11-04,753187.7185999999,57847.718599999906,5,58,False
2021-11-05,701722.7185999999,57847.718599999906,5,60,False
2021-11-08,710371.7185999999,57847.718599999906,5,58,True
2021-11-09,719670.96382,629.9638199999331,6,57,False
2021-11-10,688480.3875,128398.38749999994,5,59,False
2021-11-11,678931.1325999999,270573.13259999995,4,63,False
2021-11-12,687414.1325999999,270573.13259999995,4,62,False
2021-11-15,687997.5081199999,408269.50811999995,3,61,True
2021-11-16,652798.18594,9546.185939999996,5,61,False
2021-11-17,665910.1796200001,140312.17962,4,57,False
2021-11-18,666454.1796200001,140312.17962,4,56,False
2021-11-19,680106.1796200001,140312.17962,4,54,False
2021-11-22,697598.1796200001,140312.17962,4,53,True
2021-11-23,677209.06219,769.0621900000092,6,52,False
2021-11-24,664210.06219,769.0621900000092,6,55,False
2021-11-25,677570.06219,769.0621900000092,6,55,False
2021-11-26,685046.06219,769.0621900000092,6,52,False
2021-11-29,709964.06219,769.0621900000092,6,51,True
2021-11-30,727798.1344099999,651.1344100000119,6,52,False
2021-12-01,737443.1344099999,651.1344100000119,6,55,False
2021-12-02,714510.1344099999,651.1344100000119,6,56,False
2021-12-03,698604.1344099999,651.1344100000119,6,56,False
2021-12-06,695118.1344099999,651.1344100000119,6,55,True
2021-12-07,672258.09616,3422.0961600000082,6,57,False
2021-12-08,684044.09616,3422.0961600000082,6,58,False
2021-12-09,682407.09616,3422.0961600000082,6,58,False
2021-12-10,686721.09616,3422.0961600000082,6,59,False
2021-12-13,689183.09616,3422.0961600000082,6,59,True
2021-12-14,692752.10357,419.10356999999203,6,62,False
2021-12-15,701285.10357,419.10356999999203,6,62,False
2021-12-16,696463.10357,419.10356999999203,6,67,False
2021-12-17,692682.10357,419.10356999999203,6,71,False
2021-12-20,669788.10357,419.10356999999203,6,72,True
2021-12-21,692705.5836199999,11536.583619999992,6,71,False
2021-12-22,696550.5836199999,11536.583619999992,6,72,False
2021-12-23,699118.5836199999,11536.583619999992,6,74,False
2021-12-24,676206.5836199999,11536.583619999992,6,73,False
2021-12-27,664405.58362,11536.583619999992,6,74,True
2021-12-28,669284.6866,236.68659999997908,6,75,False
2021-12-29,662424.6866,236.68659999997908,6,79,False
2021-12-30,668765.70017,86569.70016999997,5,75,False
2021-12-31,672870.70017,86569.70016999997,5,74,False
2022-01-04,659278.74823,219735.74822999997,4,72,True
2022-01-05,633907.0751299999,10550.07512999994,5,73,False
2022-01-06,654089.07513,10550.07512999994,5,76,False
2022-01-07,632987.07513,10550.07512999994,5,73,False
2022-01-10,639756.07513,10550.07512999994,5,72,False
2022-01-11,632989.04385,126544.04384999994,4,71,True
2022-01-12,627529.9965599999,19782.996559999927,5,75,False
2022-01-13,618351.6806,145996.6805999999,4,68,False
2022-01-14,624353.6805999998,145996.6805999999,4,65,False
2022-01-17,641472.6805999998,145996.6805999999,4,63,False
2022-01-18,646215.6805999998,145996.6805999999,4,64,True
2022-01-19,632821.5236699999,20828.523669999908,5,62,False
2022-01-20,632696.09063,137318.09062999993,4,61,False
2022-01-21,618592.09063,137318.09062999993,4,59,False
2022-01-24,623530.09063,137318.09062999993,4,57,False
2022-01-25,610921.09063,137318.09062999993,4,48,True
2022-01-26,606075.88393,1231.88392999996,6,48,False
2022-01-27,592488.88393,1231.88392999996,6,45,False
2022-01-28,584035.88393,1231.88392999996,6,41,False
2022-02-07,602091.88393,1231.88392999996,6,44,False
2022-02-08,600522.88393,1231.88392999996,6,43,True
2022-02-09,613085.2184499999,9388.218449999942,5,43,False
2022-02-10,629406.2184499999,9388.218449999942,5,43,False
2022-02-11,603320.2184499999,9388.218449999942,5,45,False
2022-02-14,585061.2184499999,9388.218449999942,5,44,False
2022-02-15,594654.2184499999,9388.218449999942,5,43,True
2022-02-16,592086.6192399999,9380.619239999956,5,41,False
2022-02-17,600506.6192399999,9380.619239999956,5,40,False
2022-02-18,611975.6192399999,9380.619239999956,5,41,False
2022-02-21,623767.6192399999,9380.619239999956,5,42,False
2022-02-22,629481.6192399999,9380.619239999956,5,42,True
2022-02-23,614261.5683299999,792.5683299999582,6,40,False
2022-02-24,611873.5683299999,792.5683299999582,6,40,False
2022-02-25,594396.5683299999,792.5683299999582,6,41,False
2022-02-28,607475.5683299999,792.5683299999582,6,42,False
2022-03-01,614661.5683299999,792.5683299999582,6,47,True
2022-03-02,644069.1684999999,393.16849999995793,6,47,False
2022-03-03,655384.1684999999,393.16849999995793,6,48,False
2022-03-04,654392.1684999999,393.16849999995793,6,48,False
2022-03-07,658621.1684999999,393.16849999995793,6,50,False
2022-03-08,606617.1684999999,393.16849999995793,6,45,True
2022-03-09,607269.1684999999,393.16849999995793,6,46,False
2022-03-10,616607.3779,118557.37789999996,5,43,False
2022-03-11,608431.3779,118557.37789999996,5,42,False
2022-03-14,594157.0467,229987.04669999995,4,39,False
2022-03-15,560379.69389,329107.69388999994,3,26,True
2022-03-16,578319.43035,1368.430349999966,5,33,False
2022-03-17,578088.7686699999,113205.76866999996,4,36,False
2022-03-18,594547.7686699999,113205.76866999996,4,36,False
2022-03-21,607652.7686699999,113205.76866999996,4,36,False
2022-03-22,631201.7686699999,113205.76866999996,4,36,True
2022-03-23,624872.4894099999,7755.489409999958,5,33,False
2022-03-24,641721.4894099999,7755.489409999958,5,33,False
2022-03-25,641062.4894099999,7755.489409999958,5,30,False
2022-03-28,685350.4894099999,7755.489409999958,5,29,False
2022-03-29,719067.4894099999,7755.489409999958,5,27,True
2022-03-30,692330.12507,10073.125069999955,5,27,False
2022-03-31,722582.12507,10073.125069999955,5,25,False
2022-04-01,723868.12507,10073.125069999955,5,24,False
2022-04-06,702830.12507,10073.125069999955,5,22,False
2022-04-07,712925.12507,10073.125069999955,5,21,True
2022-04-08,723168.53606,650.5360599999549,6,22,False
2022-04-11,727083.53606,650.5360599999549,6,22,False
2022-04-12,726874.53606,650.5360599999549,6,21,False
2022-04-13,736958.53606,650.5360599999549,6,21,False
2022-04-14,761128.53606,650.5360599999549,6,24,True
2022-04-15,731118.23031,1865.2303099999554,6,22,False
2022-04-18,697304.23031,1865.2303099999554,6,26,False
2022-04-19,723047.23031,1865.2303099999554,6,29,False
2022-04-20,671764.23031,1865.2303099999554,6,28,False
2022-04-21,664857.23031,1865.2303099999554,6,28,True
2022-04-22,677719.4284699999,60.42846999995527,6,28,False
2022-04-25,623337.4284699999,60.42846999995527,6,22,False
2022-04-26,599619.15071,120059.15070999994,5,21,False
2022-04-27,628260.15071,120059.15070999994,5,25,False
2022-04-28,689553.15071,120059.15070999994,5,26,True
2022-04-29,685397.43484,10297.434839999945,6,29,False
2022-05-05,683290.43484,10297.434839999945,6,30,False
2022-05-06,679315.43484,10297.434839999945,6,25,False
2022-05-09,658101.4626,115116.46259999994,5,24,False
2022-05-10,621824.4626,115116.46259999994,5,24,True
2022-05-11,643793.9120299999,8226.912029999936,5,23,False
2022-05-12,642234.78189,141612.78188999995,4,24,False
2022-05-13,686324.78189,141612.78188999995,4,24,False
2022-05-16,706346.78189,141612.78188999995,4,24,False
2022-05-17,718644.78189,141612.78188999995,4,23,True
2022-05-18,695236.21034,12293.210339999943,5,23,False
2022-05-19,703902.21034,12293.210339999943,5,22,False
2022-05-20,723921.21034,12293.210339999943,5,22,False
2022-05-23,729115.21034,12293.210339999943,5,22,False
2022-05-24,743663.21034,12293.210339999943,5,22,True
2022-05-25,767683.1088599999,10259.108859999942,5,22,False
2022-05-26,784900.1088599999,10259.108859999942,5,21,False
2022-05-27,807512.1088599999,10259.108859999942,5,23,False
2022-05-30,790535.1088599999,10259.108859999942,5,24,False
2022-05-31,799136.1088599999,10259.108859999942,5,26,True
2022-06-01,846650.20954,11130.209539999942,5,27,False
2022-06-02,824685.20954,11130.209539999942,5,25,False
2022-06-06,847546.20954,11130.209539999942,5,25,False
2022-06-07,863151.20954,11130.209539999942,5,27,False
2022-06-08,892916.20954,11130.209539999942,5,27,True
2022-06-09,868242.44581,11141.445809999943,5,29,False
2022-06-10,885688.44581,11141.445809999943,5,28,False
2022-06-13,853519.44581,11141.445809999943,5,28,False
2022-06-14,875133.44581,11141.445809999943,5,28,False
2022-06-15,851235.44581,11141.445809999943,5,28,True
2022-06-16,809745.94017,413.94016999994415,6,26,False
2022-06-17,808533.94017,413.94016999994415,6,27,False
2022-06-20,750225.94017,413.94016999994415,6,28,False
2022-06-21,772558.94017,413.94016999994415,6,28,False
2022-06-22,773583.94017,413.94016999994415,6,28,True
2022-06-23,799462.5552599999,2705.5552599999464,6,29,False
2022-06-24,775284.5552599999,2705.5552599999464,6,29,False
2022-06-27,813117.5552599999,2705.5552599999464,6,30,False
2022-06-28,839634.5552599999,2705.5552599999464,6,32,False
2022-06-29,818005.5552599999,2705.5552599999464,6,32,True
2022-06-30,808798.63718,7169.637179999949,7,32,False
2022-07-01,798576.63718,7169.637179999949,7,33,False
2022-07-04,806614.12133,155834.12132999997,6,35,False
2022-07-05,830743.12133,155834.12132999997,6,35,False
2022-07-06,782349.12133,155834.12132999997,6,34,True
2022-07-07,793753.7025299999,564.7025299999605,8,36,False
2022-07-08,771301.05121,135827.05120999995,7,36,False
2022-07-11,768425.05121,135827.05120999995,7,36,False
2022-07-12,760503.05121,135827.05120999995,7,37,False
2022-07-13,763820.67505,274450.67504999996,6,37,True
2022-07-14,778564.73081,14973.730810000008,7,37,False
2022-07-15,779646.73081,14973.730810000008,7,38,False
2022-07-18,772904.73081,14973.730810000008,7,40,False
2022-07-19,766714.73081,14973.730810000008,7,41,False
2022-07-20,776488.73081,14973.730810000008,7,44,True
2022-07-21,747317.96005,5431.960049999998,7,48,False
2022-07-22,749234.96005,5431.960049999998,7,49,False
2022-07-25,725047.96005,5431.960049999998,7,47,False
2022-07-26,739094.96005,5431.960049999998,7,46,False
2022-07-27,747946.96005,5431.960049999998,7,48,True
2022-07-28,739580.57932,123.57932000000073,7,46,False
2022-07-29,758825.57932,123.57932000000073,7,44,False
2022-08-01,777320.57932,123.57932000000073,7,44,False
2022-08-02,772418.57932,123.57932000000073,7,43,False
2022-08-03,745413.0555199999,133995.05552,6,43,True
2022-08-04,733926.1412500001,3.1412500000733417,6,39,False
2022-08-05,719232.1412500001,3.1412500000733417,6,39,False
2022-08-08,746283.1412500001,3.1412500000733417,6,40,False
2022-08-09,756199.1412500001,3.1412500000733417,6,41,False
2022-08-10,759007.1412500001,3.1412500000733417,6,43,True
2022-08-11,750738.0266500001,1154.0266500000726,6,41,False
2022-08-12,737463.0266500001,1154.0266500000726,6,40,False
2022-08-15,757948.0266500001,1154.0266500000726,6,38,False
2022-08-16,784073.0266500001,1154.0266500000726,6,39,False
2022-08-17,783146.0266500001,1154.0266500000726,6,38,True
2022-08-18,801739.7796800002,478.77968000008696,7,37,False
2022-08-19,786301.7796800002,478.77968000008696,7,37,False
2022-08-22,801570.7796800002,478.77968000008696,7,40,False
2022-08-23,809737.7796800002,478.77968000008696,7,42,False
2022-08-24,782255.0310500001,133394.0310500001,6,42,True
2022-08-25,781736.09935,6008.099350000092,6,39,False
2022-08-26,754006.09935,6008.099350000092,6,39,False
2022-08-29,755514.9446500001,151759.94465000008,5,36,False
2022-08-30,741856.9446500001,151759.94465000008,5,37,False
2022-08-31,694161.9446500001,151759.94465000008,5,38,True
2022-09-01,694361.34308,1670.3430800000351,6,38,False
2022-09-02,710653.74597,162770.74597000005,4,39,False
2022-09-05,725859.74597,162770.74597000005,4,41,False
2022-09-06,755681.74597,162770.74597000005,4,44,False
2022-09-07,783248.74597,162770.74597000005,4,44,True
2022-09-08,773984.51833,1832.5183300000135,6,45,False
2022-09-09,765301.51833,1832.5183300000135,6,44,False
2022-09-13,754729.51833,1832.5183300000135,6,44,False
2022-09-14,758451.51833,1832.5183300000135,6,44,False
2022-09-15,720033.88463,123503.88463000002,5,42,True
2022-09-16,698959.90407,16218.904070000019,5,42,False
2022-09-19,726734.90407,16218.904070000019,5,42,False
2022-09-20,734419.90407,16218.904070000019,5,45,False
2022-09-21,754435.90407,16218.904070000019,5,43,False
2022-09-22,776165.90407,16218.904070000019,5,43,True
2022-09-23,745485.97533,671.9753300000157,6,43,False
2022-09-26,753219.97533,671.9753300000157,6,37,False
2022-09-27,747693.97533,671.9753300000157,6,41,False
2022-09-28,738665.97533,671.9753300000157,6,40,False
2022-09-29,727131.97533,671.9753300000157,6,40,True
2022-09-30,724995.5899700001,114.5899700000191,6,40,False
2022-10-10,713479.5899700001,114.5899700000191,6,37,False
2022-10-11,725617.5899700001,114.5899700000191,6,36,False
2022-10-12,723427.5899700001,114.5899700000191,6,38,False
2022-10-13,703132.5899700001,114.5899700000191,6,36,True
2022-10-14,721976.7193400001,18878.719339999996,5,36,False
2022-10-17,726526.7193400001,18878.719339999996,5,36,False
2022-10-18,735962.7193400001,18878.719339999996,5,35,False
2022-10-19,730893.7193400001,18878.719339999996,5,35,False
2022-10-20,708961.71934,18878.719339999996,5,34,True
2022-10-21,718143.20297,10140.202970000042,5,34,False
2022-10-24,708930.20297,10140.202970000042,5,32,False
2022-10-25,711605.20297,10140.202970000042,5,32,False
2022-10-26,696481.20297,10140.202970000042,5,32,False
2022-10-27,680812.20297,10140.202970000042,5,30,True
2022-10-28,676830.66943,151775.66943000004,4,28,False
2022-10-31,683416.66943,151775.66943000004,4,23,False
2022-11-01,674263.66943,151775.66943000004,4,22,False
2022-11-02,682653.66943,151775.66943000004,4,21,False
2022-11-03,675192.66943,151775.66943000004,4,20,True
2022-11-04,699244.2295700001,14204.229570000058,5,20,False
2022-11-07,706411.2295700001,14204.229570000058,5,19,False
2022-11-08,696822.2295700001,14204.229570000058,5,19,False
2022-11-09,706933.2295700001,14204.229570000058,5,18,False
2022-11-10,696483.2295700001,14204.229570000058,5,20,True
2022-11-11,697247.9325300001,5878.932530000058,5,19,False
2022-11-14,696496.9325300001,5878.932530000058,5,18,False
2022-11-15,699188.9325300001,5878.932530000058,5,18,False
2022-11-16,701036.01113,142708.01113000006,4,17,False
2022-11-17,701179.01113,142708.01113000006,4,19,True
2022-11-18,693083.1185900001,1063.1185900000492,6,18,False
2022-11-21,702374.1185900001,1063.1185900000492,6,18,False
2022-11-22,687409.1185900001,1063.1185900000492,6,18,False
2022-11-23,686652.1185900001,1063.1185900000492,6,19,False
2022-11-24,691911.1185900001,1063.1185900000492,6,21,True
2022-11-25,686498.5698200001,14762.569820000062,5,22,False
2022-11-28,682498.5698200001,14762.569820000062,5,25,False
2022-11-29,680198.5698200001,14762.569820000062,5,28,False
2022-11-30,671267.9738400001,137620.97384000005,4,28,False
2022-12-01,657105.9738400001,137620.97384000005,4,28,True
2022-12-02,646795.9670800001,559.9670800000495,6,27,False
2022-12-05,658464.9399600001,119015.93996000006,5,27,False
2022-12-06,534149.87256,242455.87256000005,4,27,False
2022-12-07,536613.87256,242455.87256000005,4,29,False
2022-12-08,520156.87256000005,242455.87256000005,4,30,True
2022-12-09,517611.4364400001,231.43644000006316,7,31,False
2022-12-12,630825.4362000001,103851.43620000007,6,32,False
2022-12-13,609933.152,206588.15200000006,5,30,False
2022-12-14,593807.152,206588.15200000006,5,30,False
2022-12-15,592251.152,206588.15200000006,5,31,True
2022-12-16,593758.08443,29541.084430000046,5,31,False
2022-12-19,579503.79684,147084.79684000002,4,29,False
2022-12-20,573032.79684,147084.79684000002,4,27,False
2022-12-21,571047.7968400001,147084.79684000002,4,27,False
2022-12-22,568589.79684,147084.79684000002,4,26,True
2022-12-23,575039.33479,155.33479000003717,6,27,False
2022-12-26,574820.8783100001,145045.87831000003,4,27,False
2022-12-27,574332.8783100001,145045.87831000003,4,28,False
2022-12-28,565262.8783100001,145045.87831000003,4,25,False
2022-12-29,559697.8783100001,145045.87831000003,4,27,True
2022-12-30,559112.0692700001,2383.069270000022,6,29,False
2023-01-03,575901.0692700001,2383.069270000022,6,29,False
2023-01-04,575210.0692700001,2383.069270000022,6,28,False
2023-01-05,577562.69967,106458.69967,5,30,False
2023-01-06,570344.69967,106458.69967,5,30,True
2023-01-09,572128.30119,137.30119000000195,7,30,False
2023-01-10,571488.30119,137.30119000000195,7,30,False
2023-01-11,565102.48469,109698.48468999998,6,31,False
2023-01-12,569169.48469,109698.48468999998,6,29,False
2023-01-13,575984.48469,109698.48468999998,6,32,True
2023-01-16,567866.7694999999,424.7694999999761,8,34,False
2023-01-17,559506.7694999999,424.7694999999761,8,36,False
2023-01-18,562519.50481,938.5048099999761,7,38,False
2023-01-19,568603.50481,938.5048099999761,7,38,False
2023-01-20,581940.50481,938.5048099999761,7,42,True
2023-01-30,561084.7411499999,21914.741149999958,6,46,False
2023-01-31,554527.7411499999,21914.741149999958,6,47,False
2023-02-01,563586.3715799999,63078.371579999955,5,51,False
2023-02-02,557866.37158,63078.371579999955,5,50,False
2023-02-03,552520.3715799999,63078.371579999955,5,51,True
2023-02-06,538358.0872799999,674.0872799999488,6,51,False
2023-02-07,539278.08728,674.0872799999488,6,52,False
2023-02-08,532476.08728,674.0872799999488,6,52,False
2023-02-09,543591.08728,674.0872799999488,6,55,False
2023-02-10,540849.08728,674.0872799999488,6,57,True
2023-02-13,550722.6632899999,413.6632899999313,6,56,False
2023-02-14,546104.6632899999,413.6632899999313,6,58,False
2023-02-15,547625.6632899999,413.6632899999313,6,60,False
2023-02-16,551718.6632899999,413.6632899999313,6,58,False
2023-02-17,537357.6632899999,413.6632899999313,6,58,True
2023-02-20,556991.0375199999,393.0375199999107,6,60,False
2023-02-21,567548.0375199999,393.0375199999107,6,60,False
2023-02-22,553679.0375199999,393.0375199999107,6,61,False
2023-02-23,535702.0375199999,393.0375199999107,6,62,False
2023-02-24,537354.0375199999,393.0375199999107,6,63,True
2023-02-27,532705.5127699999,1345.5127699999066,6,64,False
2023-02-28,548559.5127699999,1345.5127699999066,6,67,False
2023-03-01,573121.5127699999,1345.5127699999066,6,69,False
2023-03-02,583716.5127699999,1345.5127699999066,6,69,False
2023-03-03,579526.5127699999,1345.5127699999066,6,71,True
2023-03-06,592727.28207,23.282069999932105,6,78,False
2023-03-07,582398.28207,23.282069999932105,6,82,False
2023-03-08,595465.28207,23.282069999932105,6,84,False
2023-03-09,592965.28207,23.282069999932105,6,86,False
2023-03-10,557754.28207,23.282069999932105,6,84,True
2023-03-13,596320.9506999999,133.95069999990653,6,85,False
2023-03-14,580862.9506999999,133.95069999990653,6,84,False
2023-03-15,592673.9506999999,133.95069999990653,6,80,False
2023-03-16,587034.9506999999,133.95069999990653,6,79,False
2023-03-17,594020.9506999999,133.95069999990653,6,80,True
2023-03-20,582294.0987799999,5718.098779999907,6,83,False
2023-03-21,599227.0987799999,5718.098779999907,6,84,False
2023-03-22,626236.0987799999,5718.098779999907,6,86,False
2023-03-23,646253.0987799999,5718.098779999907,6,84,False
2023-03-24,671871.0987799999,5718.098779999907,6,89,True
2023-03-27,697427.26175,956.2617499999105,7,89,False
2023-03-28,703653.26175,956.2617499999105,7,91,False
2023-03-29,702879.26175,956.2617499999105,7,92,False
2023-03-30,706705.26175,956.2617499999105,7,91,False
2023-03-31,756294.26175,956.2617499999105,7,91,True
2023-04-03,814935.3965899999,307.39658999993117,6,89,False
2023-04-04,811121.3965899999,307.39658999993117,6,93,False
2023-04-06,818891.3965899999,307.39658999993117,6,93,False
2023-04-07,819661.3965899999,307.39658999993117,6,94,False
2023-04-10,760581.3965899999,307.39658999993117,6,97,True
2023-04-11,760826.7682099999,490.76820999992924,7,103,False
2023-04-12,791136.7682099999,490.76820999992924,7,105,False
2023-04-13,765212.7682099999,490.76820999992924,7,100,False
2023-04-14,772232.7682099999,490.76820999992924,7,105,False
2023-04-17,768676.7682099999,490.76820999992924,7,104,True
2023-04-18,801324.9064199999,1480.9064199999266,6,109,False
2023-04-19,802785.9064199999,1480.9064199999266,6,112,False
2023-04-20,864830.9064199999,1480.9064199999266,6,121,False
2023-04-21,815343.9064199999,1480.9064199999266,6,123,False
2023-04-24,840662.9064199999,1480.9064199999266,6,121,True
2023-04-25,841106.03904,30408.039039999923,7,117,False
2023-04-26,822895.2656299999,170755.26562999992,6,115,False
2023-04-27,771160.2656299999,170755.26562999992,6,119,False
2023-04-28,837934.2656299999,170755.26562999992,6,121,False
2023-05-04,804640.2656299999,170755.26562999992,6,123,True
2023-05-05,772077.1295699999,2684.1295699999173,6,124,False
2023-05-08,781225.1295699999,2684.1295699999173,6,122,False
2023-05-09,784078.1295699999,2684.1295699999173,6,121,False
2023-05-10,763285.1295699999,2684.1295699999173,6,122,False
2023-05-11,737422.68092,114258.68091999991,5,120,True
2023-05-12,750020.43884,214.43883999991886,6,116,False
2023-05-15,763245.43884,214.43883999991886,6,117,False
2023-05-16,727077.43884,214.43883999991886,6,114,False
2023-05-17,736911.43884,214.43883999991886,6,113,False
2023-05-18,814125.43884,214.43883999991886,6,113,True
2023-05-19,775177.1666599999,4374.166659999923,6,107,False
2023-05-22,757882.1666599999,4374.166659999923,6,105,False
2023-05-23,741263.1666599999,4374.166659999923,6,100,False
2023-05-24,750281.1666599999,4374.166659999923,6,99,False
2023-05-25,775759.1666599999,4374.166659999923,6,98,True
2023-05-26,806564.79054,8467.790539999925,6,97,False
2023-05-29,808676.79054,8467.790539999925,6,95,False
2023-05-30,871138.79054,8467.790539999925,6,95,False
2023-05-31,907472.79054,8467.790539999925,6,96,False
2023-06-01,889446.79054,8467.790539999925,6,89,True
2023-06-02,876416.1900399999,345.1900399999249,6,90,False
2023-06-05,901026.1900399999,345.1900399999249,6,85,False
2023-06-06,872171.1900399999,345.1900399999249,6,82,False
2023-06-07,878518.1900399999,345.1900399999249,6,81,False
2023-06-08,853447.1900399999,345.1900399999249,6,77,True
2023-06-09,894250.3231599999,778.3231599999253,6,75,False
2023-06-12,907392.3231599999,778.3231599999253,6,75,False
2023-06-13,925294.3231599999,778.3231599999253,6,75,False
2023-06-14,951387.3231599999,778.3231599999253,6,74,False
2023-06-15,947198.3231599999,778.3231599999253,6,69,True
2023-06-16,1009631.1360599999,99.1360599998784,6,71,False
2023-06-19,1069524.13606,99.1360599998784,6,71,False
2023-06-20,1085271.13606,99.1360599998784,6,72,False
2023-06-21,984806.1360599998,99.1360599998784,6,72,False
2023-06-26,923152.0755599999,142034.07555999988,5,67,True
2023-06-27,919885.4785799999,17750.47857999988,5,71,False
2023-06-28,905301.4785799999,17750.47857999988,5,69,False
2023-06-29,946016.4785799999,17750.47857999988,5,63,False
2023-06-30,977296.4785799999,17750.47857999988,5,59,False
2023-07-03,962839.4785799999,17750.47857999988,5,62,True
2023-07-04,975368.0535199998,17256.0535199999,5,61,False
2023-07-05,941326.0535199998,17256.0535199999,5,62,False
2023-07-06,947150.0535199998,17256.0535199999,5,62,False
2023-07-07,954996.0535199998,17256.0535199999,5,63,False
2023-07-10,935760.0535199998,17256.0535199999,5,64,True
2023-07-11,947083.73602,10529.736019999895,5,61,False
2023-07-12,903710.6254199999,200635.62541999988,4,62,False
2023-07-13,935499.6254199999,200635.62541999988,4,62,False
2023-07-14,946340.6254199999,200635.62541999988,4,63,False
2023-07-17,959030.6254199999,200635.62541999988,4,64,True
2023-07-18,944928.1839299998,296.1839299998974,6,62,False
2023-07-19,936729.1839299998,296.1839299998974,6,63,False
2023-07-20,847500.1839299999,296.1839299998974,6,63,False
2023-07-21,835571.1839299999,296.1839299998974,6,63,False
2023-07-24,857619.1839299998,296.1839299998974,6,70,True
2023-07-25,869418.4933699998,2059.49336999988,6,75,False
2023-07-26,842963.4933699998,2059.49336999988,6,77,False
2023-07-27,841405.4933699999,2059.49336999988,6,76,False
2023-07-28,842899.4933699998,2059.49336999988,6,78,False
2023-07-31,840264.4933699999,2059.49336999988,6,83,True
2023-08-01,870450.25926,7289.259259999904,6,89,False
2023-08-02,865007.25926,7289.259259999904,6,94,False
2023-08-03,851069.2592599998,7289.259259999904,6,96,False
2023-08-04,888783.5632,174679.56319999992,5,99,False
2023-08-07,902123.55245,184494.55244999993,4,99,True
2023-08-08,884430.40068,24898.400679999933,5,98,False
2023-08-09,821029.5707299999,196154.57072999992,4,100,False
2023-08-10,806310.18909,502550.18909,2,100,False
2023-08-11,806921.18909,502550.18909,2,96,False
2023-08-14,813943.18909,502550.18909,2,93,True
2023-08-15,831441.34234,184273.34233999992,4,92,False
2023-08-16,812971.8411799999,335386.8411799999,3,88,False
2023-08-17,804180.8411799999,335386.8411799999,3,90,False
2023-08-18,800107.4228799999,482697.42287999985,2,88,False
2023-08-21,789918.4228799999,482697.42287999985,2,88,True
2023-08-22,819573.5805099999,2757.5805099998543,5,87,False
2023-08-23,793073.1540699998,167348.15406999984,4,81,False
2023-08-24,813927.3885699998,339758.38856999984,3,80,False
2023-08-25,817850.3885699998,339758.38856999984,3,75,False
2023-08-28,821565.3885699998,339758.38856999984,3,75,True
2023-08-29,816559.2276399998,659.2276399997936,6,77,False
2023-08-30,798974.2276399998,659.2276399997936,6,76,False
2023-08-31,788831.2276399998,659.2276399997936,6,73,False
2023-09-01,804909.2276399998,659.2276399997936,6,72,False
2023-09-04,818874.2276399998,659.2276399997936,6,73,True
2023-09-05,804892.4470099998,3019.4470099998143,6,74,False
2023-09-06,799930.4470099998,3019.4470099998143,6,73,False
2023-09-07,794807.4470099998,3019.4470099998143,6,70,False
2023-09-08,792521.4470099998,3019.4470099998143,6,71,False
2023-09-11,808957.4470099998,3019.4470099998143,6,72,True
2023-09-12,795889.3381199999,11542.33811999983,5,69,False
2023-09-13,795040.3381199999,11542.33811999983,5,68,False
2023-09-14,804609.3381199999,11542.33811999983,5,70,False
2023-09-15,800665.3381199999,11542.33811999983,5,69,False
2023-09-18,796733.3381199999,11542.33811999983,5,69,True
2023-09-19,797883.4664499998,10446.466449999833,5,65,False
2023-09-20,792621.4664499998,10446.466449999833,5,67,False
2023-09-21,785382.4664499998,10446.466449999833,5,64,False
2023-09-22,798194.4664499998,10446.466449999833,5,66,False
2023-09-25,777013.4664499998,10446.466449999833,5,70,True
2023-09-26,784276.5393299998,114.53932999983124,6,69,False
2023-09-27,787112.5393299998,114.53932999983124,6,70,False
2023-09-28,778210.5393299998,114.53932999983124,6,68,False
2023-10-09,771516.6766899999,146739.67668999982,5,72,False
2023-10-10,766761.0623699998,294292.0623699998,4,69,True
2023-10-11,761467.3421899998,374.342189999792,6,69,False
2023-10-12,775627.9429699997,303090.94296999974,4,66,False
2023-10-13,772094.9429699997,303090.94296999974,4,66,False
2023-10-16,774899.4584899998,446782.45848999976,3,66,False
2023-10-17,780667.4584899998,446782.45848999976,3,64,True
2023-10-18,775493.0935899998,27370.09358999983,5,63,False
2023-10-19,760088.0935899998,27370.09358999983,5,59,False
2023-10-20,755442.0935899998,27370.09358999983,5,55,False
2023-10-23,751106.0935899998,27370.09358999983,5,51,False
2023-10-24,767948.0935899998,27370.09358999983,5,50,True
2023-10-25,755966.4737099998,9935.473709999827,6,49,False
2023-10-26,767525.4737099998,9935.473709999827,6,48,False
2023-10-27,774202.4737099998,9935.473709999827,6,48,False
2023-10-30,773386.4737099998,9935.473709999827,6,44,False
2023-10-31,774773.4737099998,9935.473709999827,6,40,True
2023-11-01,762960.2999099998,1462.2999099998342,7,43,False
2023-11-02,755779.2999099998,1462.2999099998342,7,41,False
2023-11-03,756465.2999099998,1462.2999099998342,7,40,False
2023-11-06,762586.2999099998,1462.2999099998342,7,43,False
2023-11-07,759362.2999099998,1462.2999099998342,7,45,True
2023-11-08,778923.0874399999,172.0874399998429,6,43,False
2023-11-09,756792.0874399999,172.0874399998429,6,40,False
2023-11-10,771998.0874399999,172.0874399998429,6,38,False
2023-11-13,801942.0874399999,172.0874399998429,6,39,False
2023-11-14,813286.0874399999,172.0874399998429,6,38,True
2023-11-15,808362.7367499999,32004.736749999865,5,39,False
2023-11-16,806213.7367499999,32004.736749999865,5,40,False
2023-11-17,810285.7367499999,32004.736749999865,5,42,False
2023-11-20,807198.7367499999,32004.736749999865,5,43,False
2023-11-21,785105.7367499999,32004.736749999865,5,44,True
2023-11-22,782227.0763799999,6624.076379999866,7,43,False
2023-11-23,790785.0763799999,6624.076379999866,7,49,False
2023-11-24,769574.0763799999,6624.076379999866,7,49,False
2023-11-27,770567.1516299999,140990.15162999986,6,49,False
2023-11-28,768854.1516299999,140990.15162999986,6,52,True
2023-11-29,757545.89733,66.8973299999343,6,56,False
2023-11-30,753498.89733,66.8973299999343,6,54,False
2023-12-01,733636.4975899999,27698.497589999937,5,56,False
2023-12-04,736910.4975899999,27698.497589999937,5,56,False
2023-12-05,721699.4975899999,27698.497589999937,5,49,True
2023-12-06,726045.6680999999,410.6680999999335,6,49,False
2023-12-07,723366.6680999999,410.6680999999335,6,47,False
2023-12-08,721432.6680999999,410.6680999999335,6,49,False
2023-12-11,737713.6680999999,410.6680999999335,6,54,False
2023-12-12,747187.6680999999,410.6680999999335,6,53,True
2023-12-13,742390.8598799999,813.8598799999327,6,51,False
2023-12-14,734865.8598799999,813.8598799999327,6,51,False
2023-12-15,723144.8598799999,813.8598799999327,6,51,False
2023-12-18,720714.8598799999,813.8598799999327,6,50,False
2023-12-19,718851.5381199999,133202.53811999995,5,46,True
2023-12-20,688004.77822,188.77821999993216,6,44,False
2023-12-21,697510.46804,128862.46803999993,5,46,False
2023-12-22,684798.46804,128862.46803999993,5,42,False
2023-12-25,680573.46804,128862.46803999993,5,45,False
2023-12-26,665572.46804,128862.46803999993,5,43,True
2023-12-27,673821.1347499999,15710.134749999925,5,44,False
2023-12-28,667410.13475,15710.134749999925,5,44,False
2023-12-29,683799.1347499999,15710.134749999925,5,45,False
2024-01-02,685817.13475,15710.134749999925,5,45,False
2024-01-03,689445.4723499999,138650.47234999994,4,46,True
2024-01-04,686853.1436,96.1435999999594,6,44,False
2024-01-05,678586.1436,96.1435999999594,6,46,False
2024-01-08,659732.1436,96.1435999999594,6,46,False
2024-01-09,660451.57076,124159.57075999997,5,45,False
2024-01-10,657237.57076,124159.57075999997,5,45,True
2024-01-11,673529.36414,562.364139999979,7,47,False
2024-01-12,674612.22386,115457.22385999997,6,47,False
2024-01-15,679141.22386,115457.22385999997,6,47,False
2024-01-16,685006.22386,115457.22385999997,6,48,False
2024-01-17,672001.22386,115457.22385999997,6,47,True
2024-01-18,687508.8458799999,6652.845879999956,7,45,False
2024-01-19,665610.8458799999,6652.845879999956,7,44,False
2024-01-22,648889.3657499999,120733.36574999994,6,42,False
2024-01-23,659368.2921099999,240480.29210999992,5,43,False
2024-01-24,660787.2921099999,240480.29210999992,5,44,True
2024-01-25,686552.8557099999,3607.855709999949,6,47,False
2024-01-26,679697.8557099999,3607.855709999949,6,45,False
2024-01-29,644389.8557099999,3607.855709999949,6,42,False
2024-01-30,630992.4500399999,243420.4500399999,3,39,False
2024-01-31,636221.4500399999,243420.4500399999,3,40,True
2024-02-01,626258.7341299999,11648.734129999884,5,42,False
2024-02-02,631953.7341299999,11648.734129999884,5,42,False
2024-02-05,645989.7341299999,11648.734129999884,5,42,False
2024-02-06,648387.7341299999,11648.734129999884,5,42,False
2024-02-07,665523.7341299999,11648.734129999884,5,43,True
2024-02-08,658755.3319899999,1668.331989999885,6,44,False
2024-02-19,695641.3319899999,1668.331989999885,6,43,False
2024-02-20,698918.3319899999,1668.331989999885,6,44,False
2024-02-21,691774.3319899999,1668.331989999885,6,44,False
2024-02-22,721138.3319899999,1668.331989999885,6,47,True
2024-02-23,710282.0663199999,2782.0663199998853,6,48,False
2024-02-26,692503.0663199999,2782.0663199998853,6,50,False
2024-02-27,703862.0663199999,2782.0663199998853,6,53,False
2024-02-28,694396.0663199999,2782.0663199998853,6,53,False
2024-02-29,708490.0663199999,2782.0663199998853,6,55,True
2024-03-01,702410.8378699999,148.83786999988388,6,55,False
2024-03-04,726510.8378699999,148.83786999988388,6,57,False
2024-03-05,731625.8378699999,148.83786999988388,6,57,False
2024-03-06,730632.8378699999,148.83786999988388,6,57,False
2024-03-07,731715.8378699999,148.83786999988388,6,57,True
2024-03-08,746149.6823199999,2013.6823199998717,7,60,False
2024-03-11,726587.6823199999,2013.6823199998717,7,61,False
2024-03-12,697247.6823199999,2013.6823199998717,7,62,False
2024-03-13,699838.6823199999,2013.6823199998717,7,63,False
2024-03-14,718405.6823199999,2013.6823199998717,7,64,True
2024-03-15,733407.9171099999,754.9171099998894,7,63,False
2024-03-18,745950.9171099999,754.9171099998894,7,65,False
2024-03-19,737354.9171099999,754.9171099998894,7,66,False
2024-03-20,734446.9171099999,754.9171099998894,7,68,False
2024-03-21,729127.9171099999,754.9171099998894,7,72,True
2024-03-22,722007.8218399999,772.8218399998623,6,71,False
2024-03-25,731680.8218399999,772.8218399998623,6,72,False
2024-03-26,725656.8218399999,772.8218399998623,6,73,False
2024-03-27,713541.8218399999,772.8218399998623,6,73,False
2024-03-28,722899.8218399999,772.8218399998623,6,75,True
2024-03-29,744600.6485799998,291.6485799998645,7,76,False
2024-04-01,772287.6485799998,291.6485799998645,7,78,False
2024-04-02,784403.6485799998,291.6485799998645,7,78,False
2024-04-03,776306.6485799999,291.6485799998645,7,78,False
2024-04-08,787203.6485799999,291.6485799998645,7,75,True
2024-04-09,774720.0882099998,1868.0882099998635,6,76,False
2024-04-10,767921.0882099998,1868.0882099998635,6,76,False
2024-04-11,780669.08821,1868.0882099998635,6,77,False
2024-04-12,813118.0882099998,1868.0882099998635,6,78,False
2024-04-15,834322.08821,1868.0882099998635,6,82,True
2024-04-16,823124.8499099999,25651.84990999985,5,84,False
2024-04-17,845632.8499099999,25651.84990999985,5,82,False
2024-04-18,852610.8499099999,25651.84990999985,5,82,False
2024-04-19,839037.8499099999,25651.84990999985,5,82,False
2024-04-22,799245.8499099999,25651.84990999985,5,83,True
2024-04-23,789171.4828399998,1870.4828399998478,6,84,False
2024-04-24,817950.4828399998,1870.4828399998478,6,86,False
2024-04-25,803064.4828399998,1870.4828399998478,6,87,False
2024-04-26,880290.4828399998,1870.4828399998478,6,88,False
2024-04-29,882734.4828399998,1870.4828399998478,6,88,True
2024-04-30,880972.2827999998,2564.2827999998462,6,90,False
2024-05-06,879202.2827999998,2564.2827999998462,6,91,False
2024-05-07,873094.2827999998,2564.2827999998462,6,89,False
2024-05-08,860239.2827999998,2564.2827999998462,6,88,False
2024-05-09,859093.2827999998,2564.2827999998462,6,90,True
2024-05-10,854063.4693199998,122.4693199998369,6,93,False
2024-05-13,862823.4693199998,122.4693199998369,6,94,False
2024-05-14,857627.4693199998,122.4693199998369,6,91,False
2024-05-15,857938.4693199998,122.4693199998369,6,92,False
2024-05-16,862500.4693199998,122.4693199998369,6,92,True
2024-05-17,856326.8812499999,70.88124999980755,6,91,False
2024-05-20,870431.8812499999,70.88124999980755,6,92,False
2024-05-21,864748.8812499999,70.88124999980755,6,89,False
2024-05-22,840134.8812499999,70.88124999980755,6,92,False
2024-05-23,843643.8812499999,70.88124999980755,6,94,True
2024-05-24,818552.7834499998,704.7834499998171,7,95,False
2024-05-27,836610.7834499998,704.7834499998171,7,96,False
2024-05-28,814657.7834499998,704.7834499998171,7,97,False
2024-05-29,814101.7834499999,704.7834499998171,7,97,False
2024-05-30,817335.7834499998,704.7834499998171,7,96,True
2024-05-31,814201.2848399999,13288.28483999979,5,100,False
2024-06-03,840573.2848399999,13288.28483999979,5,102,False
2024-06-04,859000.2848399999,13288.28483999979,5,102,False
2024-06-05,843893.2848399999,13288.28483999979,5,100,False
2024-06-06,855330.2848399999,13288.28483999979,5,98,True
2024-06-07,853849.7890599999,14563.789059999792,6,99,False
2024-06-11,826054.7890599999,14563.789059999792,6,94,False
2024-06-12,837748.7890599999,14563.789059999792,6,89,False
2024-06-13,837334.7890599999,14563.789059999792,6,90,False
2024-06-14,878952.7890599999,14563.789059999792,6,91,True
2024-06-17,902553.6646499998,10810.664649999797,6,88,False
2024-06-18,934349.6646499998,10810.664649999797,6,83,False
2024-06-19,921961.6646499998,10810.664649999797,6,79,False
2024-06-20,939931.6646499998,10810.664649999797,6,79,False
2024-06-21,939870.6646499998,10810.664649999797,6,78,True
2024-06-24,921545.4362799998,3248.436279999796,7,76,False
2024-06-25,908869.4362799998,3248.436279999796,7,73,False
2024-06-26,927551.4362799998,3248.436279999796,7,70,False
2024-06-27,905430.4362799998,3248.436279999796,7,65,False
2024-06-28,921766.4362799998,3248.436279999796,7,63,True
2024-07-01,942469.5188599998,2091.518859999797,7,62,False
2024-07-02,931221.5188599998,2091.518859999797,7,62,False
2024-07-03,911958.5118599997,17778.5118599998,6,60,False
2024-07-04,912828.5118599997,17778.5118599998,6,63,False
2024-07-05,913396.5118599997,17778.5118599998,6,62,True
2024-07-08,896637.3473699997,31605.34736999977,5,61,False
2024-07-09,924815.5631699997,184301.56316999978,4,62,False
2024-07-10,966042.5631699997,184301.56316999978,4,61,False
2024-07-11,979021.5631699997,184301.56316999978,4,63,False
2024-07-12,967949.5631699997,184301.56316999978,4,62,True
2024-07-15,948302.9029999998,16805.902999999817,5,63,False
2024-07-16,989389.9029999998,16805.902999999817,5,65,False
2024-07-17,939729.9029999998,16805.902999999817,5,67,False
2024-07-18,924065.9029999998,16805.902999999817,5,68,False
2024-07-19,900572.9029999998,16805.902999999817,5,71,True
2024-07-22,912951.1506599998,7737.1506599998165,6,74,False
2024-07-23,896288.1506599998,7737.1506599998165,6,72,False
2024-07-24,891679.1506599998,7737.1506599998165,6,72,False
2024-07-25,847555.1506599998,7737.1506599998165,6,71,False
2024-07-26,856139.8938799999,162249.8938799998,5,71,True
2024-07-29,864032.2987999998,893.2987999998279,7,73,False
2024-07-30,846769.2987999998,893.2987999998279,7,72,False
2024-07-31,874813.2987999998,893.2987999998279,7,73,False
2024-08-01,870134.2987999998,893.2987999998279,7,71,False
2024-08-02,828598.2987999998,893.2987999998279,7,70,True
2024-08-05,768202.4573299999,538.4573299998265,7,68,False
2024-08-06,787779.6331699998,319815.6331699998,5,65,False
2024-08-07,782349.6331699998,319815.6331699998,5,63,False
2024-08-08,780435.6331699998,319815.6331699998,5,60,False
2024-08-09,795111.5761299998,466680.5761299998,4,58,True
2024-08-12,793973.9868199999,7612.9868199998455,6,56,False
2024-08-13,803028.9868199999,7612.9868199998455,6,56,False
2024-08-14,785325.9724699998,158125.97246999983,5,52,False
2024-08-15,781959.0476799998,309762.04767999984,4,52,False
2024-08-16,786723.0476799998,309762.04767999984,4,50,True
2024-08-19,790223.6565899998,8710.656589999824,6,50,False
2024-08-20,783448.6565899998,8710.656589999824,6,46,False
2024-08-21,811301.6565899998,8710.656589999824,6,45,False
2024-08-22,806089.6565899998,8710.656589999824,6,43,False
2024-08-23,793873.6565899998,8710.656589999824,6,44,True
2024-08-26,789357.2938199998,208.29381999982797,6,44,False
2024-08-27,768449.2938199998,208.29381999982797,6,45,False
2024-08-28,766948.6001199998,147858.6001199998,5,45,False
2024-08-29,784326.6001199998,147858.6001199998,5,44,False
2024-08-30,808418.3769199998,292461.37691999984,4,42,True
2024-09-02,778618.2289399998,2178.2289399998263,6,42,False
2024-09-03,765332.6677299999,150898.6677299998,5,43,False
2024-09-04,747673.6223299998,168224.6223299998,4,42,False
2024-09-05,727499.7492799998,462890.74927999976,2,43,False
2024-09-06,726608.2518799998,589328.2518799998,1,43,True
2024-09-09,722372.2896799997,12186.289679999725,5,40,False
2024-09-10,720744.1162399997,155494.1162399997,4,40,False
2024-09-11,711668.8475899997,289050.84758999967,3,37,False
2024-09-12,711513.2763499997,421747.2763499997,2,38,False
2024-09-13,710351.2763499997,421747.2763499997,2,36,True
2024-09-18,731599.2570499997,322.25704999968,6,35,False
2024-09-19,724464.1368299997,16231.136829999681,5,34,False
2024-09-20,714910.1368299997,16231.136829999681,5,30,False
2024-09-23,703509.5253299996,145276.52532999968,4,25,False
2024-09-24,714934.7374899997,270838.7374899997,3,25,True
2024-09-25,715232.6038999996,5192.603899999667,5,26,False
2024-09-26,746980.6038999996,5192.603899999667,5,27,False
2024-09-27,762804.6038999996,5192.603899999667,5,26,False
2024-09-30,833102.6038999996,5192.603899999667,5,31,False
2024-10-08,886689.6038999996,5192.603899999667,5,42,True
2024-10-09,858725.8630099997,3742.863009999677,7,45,False
2024-10-10,855460.8630099997,3742.863009999677,7,50,False
2024-10-11,821402.8630099997,3742.863009999677,7,56,False
2024-10-14,841677.8630099997,3742.863009999677,7,66,False
2024-10-15,810764.8630099997,3742.863009999677,7,79,True
2024-10-16,793225.5274699996,811.5274699996517,6,91,False
2024-10-17,818659.5274699996,811.5274699996517,6,97,False
2024-10-18,899585.5274699996,811.5274699996517,6,107,False
2024-10-21,922468.5274699996,811.5274699996517,6,113,False
2024-10-22,909777.5274699996,811.5274699996517,6,118,True
2024-10-23,919961.0336099996,196.0336099996448,7,126,False
2024-10-24,909549.0336099996,196.0336099996448,7,132,False
2024-10-25,905903.0336099996,196.0336099996448,7,138,False
2024-10-28,928850.0336099996,196.0336099996448,7,145,False
2024-10-29,923264.0336099996,196.0336099996448,7,150,True
2024-10-30,910959.5214599996,2110.5214599996325,7,153,False
2024-10-31,932817.5214599996,2110.5214599996325,7,154,False
2024-11-01,888340.5214599996,2110.5214599996325,7,156,False
2024-11-04,904345.5214599996,2110.5214599996325,7,155,False
2024-11-05,977707.5214599996,2110.5214599996325,7,154,True
2024-11-06,990103.1594499997,124.15944999968087,7,156,False
2024-11-07,1075224.1594499997,124.15944999968087,7,156,False
2024-11-08,1048823.1594499997,124.15944999968087,7,159,False
2024-11-11,1050007.1594499997,124.15944999968087,7,163,False
2024-11-12,1036176.1594499997,124.15944999968087,7,162,True
2024-11-13,1030366.2891899997,785.2891899996812,7,165,False
2024-11-14,1008317.2891899997,785.2891899996812,7,168,False
2024-11-15,928642.2891899997,785.2891899996812,7,171,False
2024-11-18,888722.2891899997,785.2891899996812,7,171,False
2024-11-19,926499.2891899997,785.2891899996812,7,176,True
2024-11-20,928686.2891899997,785.2891899996812,7,179,False
2024-11-21,936963.2891899997,785.2891899996812,7,179,False
2024-11-22,894726.2891899997,785.2891899996812,7,179,False
2024-11-25,884981.2891899997,785.2891899996812,7,182,False
2024-11-26,877065.2891899997,785.2891899996812,7,178,True
2024-11-27,917567.7194299997,1782.7194299996881,6,177,False
2024-11-28,897802.7194299997,1782.7194299996881,6,175,False
2024-11-29,940548.7194299997,1782.7194299996881,6,174,False
2024-12-02,960118.7194299997,1782.7194299996881,6,175,False
2024-12-03,965458.7194299997,1782.7194299996881,6,174,True
2024-12-04,950793.0658299997,32097.06582999968,5,174,False
2024-12-05,990304.0658299997,32097.06582999968,5,171,False
2024-12-06,984466.0658299997,32097.06582999968,5,168,False
2024-12-09,962517.0658299997,32097.06582999968,5,162,False
2024-12-10,969630.0658299997,32097.06582999968,5,157,True
2024-12-11,959740.1316499996,6183.131649999684,6,159,False
2024-12-12,973298.1316499996,6183.131649999684,6,157,False
2024-12-13,929179.1316499996,6183.131649999684,6,156,False
2024-12-16,918818.1316499996,6183.131649999684,6,153,False
2024-12-17,904487.1316499996,6183.131649999684,6,151,True
2024-12-18,905701.0907399997,2087.090739999684,7,140,False
2024-12-19,918926.0907399997,2087.090739999684,7,135,False
2024-12-20,939562.0907399997,2087.090739999684,7,128,False
2024-12-23,922615.0907399997,2087.090739999684,7,126,False
2024-12-24,932924.5485799997,169287.54857999968,6,122,True
2024-12-25,931671.1866999997,22829.186699999667,7,118,False
2024-12-26,933407.1866999997,22829.186699999667,7,121,False
2024-12-27,946687.1866999997,22829.186699999667,7,123,False
2024-12-30,955680.1866999997,22829.186699999667,7,127,False
2024-12-31,925453.3374599996,179306.33745999966,6,126,True
2025-01-02,873738.4560399996,16275.45603999964,6,122,False
2025-01-03,844427.5271599996,185186.52715999965,5,112,False
2025-01-06,846083.2682999996,338468.26829999965,4,106,False
2025-01-07,889488.2682999996,338468.26829999965,4,100,False
2025-01-08,913521.2682999996,338468.26829999965,4,98,True
2025-01-09,938312.2818199997,56291.281819999625,5,92,False
2025-01-10,904677.2818199997,56291.281819999625,5,82,False
2025-01-13,890184.2818199997,56291.281819999625,5,77,False
2025-01-14,925225.2818199997,56291.281819999625,5,81,False
2025-01-15,921056.2818199997,56291.281819999625,5,79,True
2025-01-16,893687.4817599996,11169.481759999631,6,77,False
2025-01-17,917658.4831999997,88882.48319999962,5,77,False
2025-01-20,933148.4831999997,88882.48319999962,5,75,False
2025-01-21,958487.4831999997,88882.48319999962,5,72,False
2025-01-22,969676.4831999997,88882.48319999962,5,74,True
2025-01-23,937531.9921999996,2931.9921999996295,6,71,False
2025-01-24,966264.9921999996,2931.9921999996295,6,70,False
2025-01-27,941152.9921999996,2931.9921999996295,6,70,False
2025-02-05,953320.5260599996,121929.52605999963,5,69,False
2025-02-06,989306.5260599996,121929.52605999963,5,69,True
2025-02-07,988487.8697699996,39673.86976999963,5,70,False
2025-02-10,971913.8697699996,39673.86976999963,5,73,False
2025-02-11,951483.8697699996,39673.86976999963,5,79,False
2025-02-12,950993.8697699996,39673.86976999963,5,82,False
2025-02-13,912127.8697699996,39673.86976999963,5,81,True
2025-02-14,925625.7250299996,4733.725029999665,6,86,False
2025-02-17,916982.7250299996,4733.725029999665,6,85,False
2025-02-18,868558.7250299996,4733.725029999665,6,87,False
2025-02-19,895078.7250299996,4733.725029999665,6,87,False
2025-02-20,886346.7250299996,4733.725029999665,6,88,True
2025-02-21,959761.9162299996,302.9162299996824,7,92,False
2025-02-24,946996.9162299996,302.9162299996824,7,94,False
2025-02-25,903849.9162299996,302.9162299996824,7,92,False
2025-02-26,908686.9162299997,302.9162299996824,7,95,False
2025-02-27,887128.9162299997,302.9162299996824,7,97,True
2025-02-28,846488.9450499997,1325.945049999682,7,100,False
2025-03-03,847180.9450499997,1325.945049999682,7,103,False
2025-03-04,852482.9450499997,1325.945049999682,7,102,False
2025-03-05,877927.9450499997,1325.945049999682,7,110,False
2025-03-06,887154.9450499996,1325.945049999682,7,113,True
2025-03-07,856777.1665599997,1546.1665599996759,6,114,False
2025-03-10,854476.1665599997,1546.1665599996759,6,113,False
2025-03-11,858101.1665599997,1546.1665599996759,6,116,False
2025-03-12,852937.1665599997,1546.1665599996759,6,115,False
2025-03-13,820883.1665599997,1546.1665599996759,6,116,True
2025-03-14,850961.5424899997,5346.542489999676,7,118,False
2025-03-17,851934.5424899997,5346.542489999676,7,121,False
2025-03-18,864095.5424899997,5346.542489999676,7,120,False
2025-03-19,850400.5424899997,5346.542489999676,7,119,False
2025-03-20,855198.5424899997,5346.542489999676,7,121,True
2025-03-21,834307.8480699996,1896.848069999669,6,119,False
2025-03-24,854247.8480699996,1896.848069999669,6,118,False
2025-03-25,810542.8480699996,1896.848069999669,6,118,False
2025-03-26,822106.0073199996,139860.00731999966,5,116,False
2025-03-27,834338.0073199996,139860.00731999966,5,117,True
2025-03-28,828948.4821599997,23241.482159999665,5,117,False
2025-03-31,830953.4821599997,23241.482159999665,5,124,False
2025-04-01,811268.4821599997,23241.482159999665,5,121,False
2025-04-02,813637.4821599997,23241.482159999665,5,119,False
2025-04-03,791738.4821599997,23241.482159999665,5,114,True
2025-04-07,699765.7812199997,33520.78121999967,5,78,False
2025-04-08,695915.2216199996,436354.2216199996,2,74,False
2025-04-09,698491.4002199996,563191.4002199996,1,75,False
2025-04-10,699901.4002199996,563191.4002199996,1,75,False
2025-04-11,708271.4002199996,563191.4002199996,1,77,True
2025-04-14,697485.0294199996,19730.0294199996,5,75,False
2025-04-15,710250.5129399996,290518.5129399996,3,72,False
2025-04-16,709908.5129399996,290518.5129399996,3,69,False
2025-04-17,722365.5129399996,290518.5129399996,3,68,False
2025-04-18,718938.5129399996,290518.5129399996,3,66,True
2025-04-21,727998.2193099996,36445.21930999958,5,64,False
2025-04-22,721090.2193099996,36445.21930999958,5,61,False
2025-04-23,709159.2193099996,36445.21930999958,5,61,False
2025-04-24,707337.2193099996,36445.21930999958,5,61,False
2025-04-25,697573.2193099996,36445.21930999958,5,60,True
2025-04-28,697927.0739299996,39132.073929999606,5,55,False
2025-04-29,707235.0739299996,39132.073929999606,5,54,False
2025-04-30,706864.0739299996,39132.073929999606,5,55,False
2025-05-06,722252.0739299996,39132.073929999606,5,54,False
2025-05-07,718233.0739299996,39132.073929999606,5,54,True
2025-05-08,722488.6369099997,41040.63690999961,5,57,False
2025-05-09,714002.6369099997,41040.63690999961,5,62,False
2025-05-12,710927.6153099996,174292.61530999962,4,65,False
2025-05-13,706908.6153099997,174292.61530999962,4,68,False
2025-05-14,714064.6153099996,174292.61530999962,4,65,True
2025-05-15,710144.6888199996,30899.68881999963,5,66,False
2025-05-16,719212.5718599996,169203.57185999962,4,69,False
2025-05-19,715650.5718599996,169203.57185999962,4,74,False
2025-05-20,728854.5718599996,169203.57185999962,4,73,False
2025-05-21,729556.5718599996,169203.57185999962,4,75,True
2025-05-22,724288.5891599996,548.5891599996103,6,77,False
2025-05-23,724746.5891599996,548.5891599996103,6,80,False
2025-05-26,731169.5891599996,548.5891599996103,6,77,False
2025-05-27,734139.5891599996,548.5891599996103,6,80,False
2025-05-28,746089.5891599996,548.5891599996103,6,80,True
2025-05-29,744511.9669699996,288.96696999960113,6,85,False
2025-05-30,753619.9669699996,288.96696999960113,6,87,False
2025-06-03,762714.9669699996,288.96696999960113,6,91,False
2025-06-04,775265.9669699996,288.96696999960113,6,93,False
2025-06-05,794910.9669699996,288.96696999960113,6,94,True
2025-06-06,794908.6509899995,1757.6509899996017,6,93,False
2025-06-09,789946.6509899995,1757.6509899996017,6,96,False
2025-06-10,799771.6509899995,1757.6509899996017,6,97,False
2025-06-11,808052.6509899995,1757.6509899996017,6,96,False
2025-06-12,808188.6509899995,1757.6509899996017,6,95,True
2025-06-13,798849.5894099995,1347.589409999604,6,96,False
2025-06-16,817387.5894099995,1347.589409999604,6,101,False
2025-06-17,810682.5894099995,1347.589409999604,6,102,False
2025-06-18,827840.5894099995,1347.589409999604,6,102,False
2025-06-19,820033.5894099995,1347.589409999604,6,103,True
2025-06-20,815017.2194399997,12016.219439999602,6,104,False
2025-06-23,815780.2194399997,12016.219439999602,6,106,False
2025-06-24,828794.2194399997,12016.219439999602,6,107,False
2025-06-25,843091.2194399997,12016.219439999602,6,108,False
2025-06-26,845339.2194399997,12016.219439999602,6,107,True
2025-06-27,851673.4904099996,115.49040999962017,7,108,False
2025-06-30,877862.4904099996,115.49040999962017,7,107,False
2025-07-01,882239.4904099996,115.49040999962017,7,111,False
2025-07-02,862202.4904099996,115.49040999962017,7,112,False
2025-07-03,879732.4904099996,115.49040999962017,7,112,True
2025-07-04,904239.8915499996,200.89154999960738,6,109,False
2025-07-07,892088.8915499996,200.89154999960738,6,108,False
2025-07-08,941718.8915499996,200.89154999960738,6,115,False
2025-07-09,939132.8915499996,200.89154999960738,6,114,False
2025-07-10,916113.8915499996,200.89154999960738,6,113,True
2025-07-11,899092.8679099996,23144.867909999608,5,116,False
2025-07-14,899948.8679099996,23144.867909999608,5,120,False
2025-07-15,970316.8679099996,23144.867909999608,5,121,False
2025-07-16,958969.8679099996,23144.867909999608,5,124,False
2025-07-17,1012293.8679099996,23144.867909999608,5,125,True
2025-07-18,971285.6725899996,1544.6725899996018,7,130,False
2025-07-21,975193.6725899996,1544.6725899996018,7,135,False
2025-07-22,965561.6725899996,1544.6725899996018,7,135,False
2025-07-23,971898.6725899996,1544.6725899996018,7,140,False
2025-07-24,968810.6725899996,1544.6725899996018,7,140,True
2025-07-25,961898.6725899996,1544.6725899996018,7,143,False
2025-07-28,1009874.6725899996,1544.6725899996018,7,143,False
2025-07-29,1045896.6725899996,1544.6725899996018,7,141,False
2025-07-30,1038444.6725899996,1544.6725899996018,7,146,False
2025-07-31,1047704.6725899996,1544.6725899996018,7,148,True
2025-08-01,1024586.7531399996,366.7531399996151,7,150,False
2025-08-04,1007342.7531399996,366.7531399996151,7,148,False
2025-08-05,1002215.7531399996,366.7531399996151,7,150,False
2025-08-06,1013321.7531399996,366.7531399996151,7,150,False
2025-08-07,997350.7531399996,366.7531399996151,7,150,True
2025-08-08,1003802.6291399996,534.6291399996262,7,149,False
2025-08-11,1037328.6291399996,534.6291399996262,7,151,False
2025-08-12,1077617.6291399996,534.6291399996262,7,156,False
2025-08-13,1172771.6291399996,534.6291399996262,7,156,False
2025-08-14,1130585.6291399996,534.6291399996262,7,155,True
2025-08-15,1119487.7412299998,848.7412299996286,7,154,False
2025-08-18,1160386.7412299996,848.7412299996286,7,153,False
2025-08-19,1192292.7412299996,848.7412299996286,7,154,False
2025-08-20,1175504.7412299996,848.7412299996286,7,154,False
2025-08-21,1166334.7412299996,848.7412299996286,7,153,True
2025-08-22,1204070.5259099996,3892.5259099996474,7,153,False
2025-08-25,1293471.5259099996,3892.5259099996474,7,154,False
2025-08-26,1266488.5259099996,3892.5259099996474,7,157,False
2025-08-27,1301812.5259099996,3892.5259099996474,7,161,False
2025-08-28,1453023.5259099996,3892.5259099996474,7,167,True
2025-08-29,1487174.7273099995,6650.727309999609,6,166,False
2025-09-01,1594925.7273099995,6650.727309999609,6,166,False
2025-09-02,1487864.7273099995,6650.727309999609,6,168,False
2025-09-03,1545915.7273099995,6650.727309999609,6,166,False
2025-09-04,1360348.7273099995,6650.727309999609,6,161,True
2025-09-05,1504693.6477399995,483.64773999960744,6,165,False
2025-09-08,1391446.6477399995,483.64773999960744,6,168,False
2025-09-09,1351438.6477399995,483.64773999960744,6,167,False
2025-09-10,1454969.6477399995,483.64773999960744,6,162,False
2025-09-11,1636508.6477399995,483.64773999960744,6,172,True
2025-09-12,1588045.9507899997,5715.950789999606,7,172,False
2025-09-15,1549370.9507899997,5715.950789999606,7,174,False
2025-09-16,1562901.9507899997,5715.950789999606,7,176,False
2025-09-17,1556412.9507899997,5715.950789999606,7,177,False
2025-09-18,1562379.9507899997,5715.950789999606,7,174,True
2025-09-19,1572271.9507899997,5715.950789999606,7,172,False
2025-09-22,1596105.9507899997,5715.950789999606,7,168,False
2025-09-23,1626402.9507899997,5715.950789999606,7,165,False
2025-09-24,1587568.9507899997,5715.950789999606,7,158,False
2025-09-25,1625641.9507899997,5715.950789999606,7,155,True
2025-09-26,1556844.9507899997,5715.950789999606,7,151,False
2025-09-29,1595264.9507899997,5715.950789999606,7,151,False
2025-09-30,1535797.9507899997,5715.950789999606,7,153,False
2025-10-09,1512583.9507899997,5715.950789999606,7,154,False
2025-10-10,1463683.9507899997,5715.950789999606,7,153,True
2025-10-13,1443297.9478799996,54693.947879999614,6,156,False
2025-10-14,1359763.9478799996,54693.947879999614,6,153,False
2025-10-15,1385380.9478799996,54693.947879999614,6,154,False
2025-10-16,1412053.9478799996,54693.947879999614,6,149,False
2025-10-17,1358870.9478799996,54693.947879999614,6,146,True
2025-10-20,1406062.6576099996,5380.657609999595,6,143,False
2025-10-21,1492864.6576099996,5380.657609999595,6,146,False
2025-10-22,1496306.6576099996,5380.657609999595,6,145,False
2025-10-23,1486657.6576099996,5380.657609999595,6,144,False
2025-10-24,1625439.6576099996,5380.657609999595,6,144,True
2025-10-27,1741711.3115599996,16499.311559999594,6,147,False
2025-10-28,1714763.3115599996,16499.311559999594,6,151,False
2025-10-29,1790213.3115599996,16499.311559999594,6,152,False
2025-10-30,1755207.3115599996,16499.311559999594,6,157,False
2025-10-31,1646723.3115599996,16499.311559999594,6,157,True
2025-11-03,1664295.0595699996,24131.059569999572,6,155,False
2025-11-04,1624376.0595699996,24131.059569999572,6,153,False
2025-11-05,1630727.0595699996,24131.059569999572,6,150,False
2025-11-06,1688721.0595699996,24131.059569999572,6,153,False
2025-11-07,1680218.0595699996,24131.059569999572,6,151,True
2025-11-10,1670048.2938199996,2299.2938199995733,6,153,False
2025-11-11,1635213.2938199996,2299.2938199995733,6,150,False
2025-11-12,1662391.2938199996,2299.2938199995733,6,142,False
2025-11-13,1690481.9741699996,272844.97416999954,5,137,False
2025-11-14,1606599.9741699996,272844.97416999954,5,137,True
2025-11-17,1599814.3952199994,103860.39521999942,5,136,False
2025-11-18,1538668.3952199994,103860.39521999942,5,131,False
2025-11-19,1543931.3952199994,103860.39521999942,5,128,False
2025-11-20,1528018.0656799995,397856.0656799994,4,124,False
2025-11-21,1444033.0656799995,397856.0656799994,4,124,True
2025-11-24,1424221.1485499996,5311.148549999438,6,120,False
2025-11-25,1457474.7216999994,296959.72169999947,5,116,False
2025-11-26,1500650.7216999994,296959.72169999947,5,110,False
2025-11-27,1484580.7216999994,296959.72169999947,5,108,False
2025-11-28,1507632.7216999994,296959.72169999947,5,106,True
2025-12-01,1522810.8956699995,654.8956699994742,6,105,False
2025-12-02,1509458.8956699995,654.8956699994742,6,104,False
2025-12-03,1486514.8956699995,654.8956699994742,6,101,False
2025-12-04,1504208.7816699995,60006.78166999947,5,98,False
2025-12-05,1515452.7816699995,60006.78166999947,5,94,True
2025-12-08,1565356.1988099995,81457.19880999945,5,90,False
2025-12-09,1568158.1988099995,81457.19880999945,5,89,False
2025-12-10,1564633.1988099995,81457.19880999945,5,90,False
2025-12-11,1559260.1988099995,81457.19880999945,5,87,False
2025-12-12,1591255.1988099995,81457.19880999945,5,88,True
2025-12-15,1557322.6232799995,61284.62327999944,5,88,False
2025-12-16,1503073.6232799995,61284.62327999944,5,85,False
2025-12-17,1523510.6232799995,61284.62327999944,5,83,False
2025-12-18,1496646.6232799995,61284.62327999944,5,84,False
2025-12-19,1477634.6232799995,61284.62327999944,5,87,True
2025-12-22,1553851.9512099994,45234.95120999933,5,88,False
2025-12-23,1549152.9512099994,45234.95120999933,5,88,False
2025-12-24,1570137.9512099994,45234.95120999933,5,89,False
2025-12-25,1604086.9512099994,45234.95120999933,5,89,False
2025-12-26,1670773.9512099994,45234.95120999933,5,90,True
2025-12-29,1657474.1953499992,1141.1953499993033,6,90,False
2025-12-30,1651978.1953499992,1141.1953499993033,6,91,False
2025-12-31,1702095.1953499992,1141.1953499993033,6,95,False
2026-01-05,1731838.6269499992,306533.6269499993,5,98,False
2026-01-06,1793439.6269499992,306533.6269499993,5,103,True
2026-01-07,1772336.0065599994,4362.006559999376,5,102,False
2026-01-08,1755061.0065599994,4362.006559999376,5,102,False
2026-01-09,1841574.0065599992,4362.006559999376,5,104,False
2026-01-12,1903649.0065599994,4362.006559999376,5,106,False
2026-01-13,1891215.0065599994,4362.006559999376,5,108,True
2026-01-14,1840170.8243299993,3482.8243299993665,7,117,False
2026-01-15,1794685.8243299993,3482.8243299993665,7,120,False
2026-01-16,1770440.8243299995,3482.8243299993665,7,126,False
2026-01-19,1815838.8243299993,3482.8243299993665,7,129,False
2026-01-20,1747250.8243299993,3482.8243299993665,7,133,True
2026-01-21,1784076.0949799994,222.0949799993832,6,132,False
2026-01-22,1822037.0949799994,222.0949799993832,6,136,False
2026-01-23,1941660.0949799994,222.0949799993832,6,136,False
2026-01-26,1973490.0949799994,222.0949799993832,6,138,False
2026-01-27,1962637.0949799994,222.0949799993832,6,138,True
2026-01-28,1992360.2391199993,2920.239119999391,6,138,False
2026-01-29,1956135.2391199993,2920.239119999391,6,142,False
2026-01-30,1875426.2391199993,2920.239119999391,6,140,False
2026-02-02,1802145.2391199993,2920.239119999391,6,135,False
2026-02-03,1872151.2391199993,2920.239119999391,6,137,True
2026-02-04,1868747.6831999994,1354.6831999993883,6,141,False
2026-02-05,1777789.6831999994,1354.6831999993883,6,139,False
2026-02-06,1797674.6831999994,1354.6831999993883,6,136,False
2026-02-09,1514503.6831999994,1354.6831999993883,6,135,False
2026-02-10,1509178.6831999994,1354.6831999993883,6,135,True
2026-02-11,1551517.5517199994,55249.55171999936,7,133,False
2026-02-12,1583669.5517199994,55249.55171999936,7,133,False
2026-02-13,1531995.5517199994,55249.55171999936,7,130,False
2026-02-24,1893583.5517199994,55249.55171999936,7,131,False
2026-02-25,1970230.5517199994,55249.55171999936,7,127,True
2026-02-26,2056495.1938699994,3626.1938699993625,7,121,False
2026-02-27,2144674.1938699996,3626.1938699993625,7,120,False
2026-03-02,2209355.1938699996,3626.1938699993625,7,118,False
2026-03-03,2101837.1938699996,3626.1938699993625,7,114,False
2026-03-04,2134293.1938699996,3626.1938699993625,7,113,True
2026-03-05,2109077.5377599993,1138.53775999941,6,110,False
2026-03-06,2090114.5377599995,1138.53775999941,6,109,False
2026-03-09,2056052.5377599993,1138.53775999941,6,109,False
2026-03-10,2118552.5377599993,1138.53775999941,6,109,False
2026-03-11,2036871.5377599995,1138.53775999941,6,109,True
2026-03-12,2002410.8202899992,20077.820289999378,6,106,False
2026-03-13,1890559.8202899992,20077.820289999378,6,105,False
2026-03-16,1910059.1375199994,394691.13751999935,5,105,False
2026-03-17,1872811.1375199994,394691.13751999935,5,104,False
2026-03-18,1943659.1375199994,394691.13751999935,5,101,True
2026-03-19,1889252.5895499992,2798.589549999262,6,95,False
2026-03-20,1830865.5895499992,2798.589549999262,6,95,False
2026-03-23,1817471.5895499992,2798.589549999262,6,85,False
2026-03-24,1879609.5895499992,2798.589549999262,6,85,False
2026-03-25,1856138.5895499992,2798.589549999262,6,85,True
2026-03-26,1781324.4166899994,2614.4166899992633,6,81,False
2026-03-27,1797414.4166899994,2614.4166899992633,6,76,False
2026-03-30,1779939.4166899994,2614.4166899992633,6,70,False
2026-03-31,1724804.4166899994,2614.4166899992633,6,66,False
2026-04-01,1802561.3185499993,408579.3185499993,4,68,True
2026-04-02,1810931.6983699994,37204.69836999936,5,65,False
2026-04-03,1855404.9751799994,377327.97517999937,4,66,False
2026-04-07,1872563.9751799994,377327.97517999937,4,63,False
2026-04-08,1903458.0854599993,725058.0854599994,3,60,False
2026-04-09,1883446.0854599993,725058.0854599994,3,58,True
2026-04-10,1849237.3905099991,38504.39050999918,5,55,False
2026-04-13,1800796.3905099991,38504.39050999918,5,55,False
2026-04-14,1804336.3905099991,38504.39050999918,5,55,False
2026-04-15,1771470.3905099991,38504.39050999918,5,56,False
2026-04-16,1810479.3905099991,38504.39050999918,5,57,True
2026-04-17,1842267.5795999991,4996.579599999182,8,58,False
2026-04-20,1887473.5795999991,4996.579599999182,8,59,False
2026-04-21,1868917.5795999991,4996.579599999182,8,63,False
2026-04-22,1908170.5795999991,4996.579599999182,8,67,False
2026-04-23,1869741.5795999991,4996.579599999182,8,71,True
2026-04-24,1813614.5896899994,1545.5896899991785,6,73,False
2026-04-27,1818909.5896899994,1545.5896899991785,6,75,False
2026-04-28,1786022.5896899991,1545.5896899991785,6,75,False
2026-04-29,1811407.1034499991,305603.1034499992,5,77,False
2026-04-30,1807809.1034499991,305603.1034499992,5,80,True
2026-05-06,1897571.0224899992,22719.022489999174,7,84,False
2026-05-07,1966633.0224899992,22719.022489999174,7,86,False
2026-05-08,2008219.0224899992,22719.022489999174,7,92,False
2026-05-11,2057320.0224899992,22719.022489999174,7,92,False
2026-05-12,2042360.0224899992,22719.022489999174,7,89,True
2026-05-13,2055214.3527799991,1585.3527799991598,7,89,False
2026-05-14,2010921.3527799991,1585.3527799991598,7,89,False
2026-05-15,1908437.3527799991,1585.3527799991598,7,86,False
2026-05-18,2012327.3527799991,1585.3527799991598,7,85,False
2026-05-19,2071972.3527799991,1585.3527799991598,7,89,True
2026-05-20,2130269.633499999,81650.63349999912,6,85,False
2026-05-21,2021001.633499999,81650.63349999912,6,84,False
2026-05-22,2086309.633499999,81650.63349999912,6,83,False
2026-05-25,2130653.633499999,81650.63349999912,6,84,False
2026-05-26,2069658.633499999,81650.63349999912,6,83,True
2026-05-27,2007731.6292299991,25476.629229999016,6,79,False
2026-05-28,2022941.6292299991,25476.629229999016,6,78,False
2026-05-29,1952165.629229999,25476.629229999016,6,78,False
2026-06-01,1829461.6292299991,25476.629229999016,6,76,False
2026-06-02,1931531.6292299991,25476.629229999016,6,77,True
2026-06-03,1980460.6750399992,23393.67503999905,6,75,False
2026-06-04,2053917.6750399992,23393.67503999905,6,76,False
2026-06-05,1929913.6750399992,23393.67503999905,6,71,False
2026-06-08,1868032.6750399992,23393.67503999905,6,67,False
2026-06-09,1985052.6750399992,23393.67503999905,6,66,True
2026-06-10,1907104.565789999,89601.56578999906,5,64,False
2026-06-11,1888883.565789999,89601.56578999906,5,62,False
2026-06-12,1884182.565789999,89601.56578999906,5,59,False
2026-06-15,2064045.565789999,89601.56578999906,5,60,False
2026-06-16,2127310.565789999,89601.56578999906,5,60,True
2026-06-17,2208722.9124599993,2065.91245999909,6,60,False
2026-06-18,2285157.9124599993,2065.91245999909,6,60,False
2026-06-22,2267441.9124599993,2065.91245999909,6,56,False
2026-06-23,2138358.9124599993,2065.91245999909,6,55,False
2026-06-24,2162190.9124599993,2065.91245999909,6,54,True
2026-06-25,2329320.753249999,1255.7532499990893,7,54,False
2026-06-26,2244085.753249999,1255.7532499990893,7,55,False
2026-06-29,2217761.753249999,1255.7532499990893,7,52,False
2026-06-30,2250225.753249999,1255.7532499990893,7,52,False
2026-07-01,2164298.753249999,1255.7532499990893,7,54,True
2026-07-02,1970727.581559999,4826.581559999046,6,52,False
2026-07-03,1993852.581559999,4826.581559999046,6,50,False
2026-07-06,1940153.581559999,4826.581559999046,6,50,False
2026-07-07,1945700.581559999,4826.581559999046,6,51,False
2026-07-08,1911672.581559999,4826.581559999046,6,52,True
2026-07-09,2034687.6484999992,9492.648499999079,6,53,False
2026-07-10,1915711.648499999,9492.648499999079,6,52,False
2026-07-13,1789370.648499999,9492.648499999079,6,52,False
2026-07-14,1855037.8812499992,287991.8812499991,5,51,False
2026-07-15,1786760.8812499992,287991.8812499991,5,49,True
2026-07-16,1665861.9746599991,92170.97465999913,5,47,False
2026-07-17,1578701.9746599991,92170.97465999913,5,44,False
2026-07-20,1492232.1806599991,379338.18065999914,4,45,False
2026-07-21,1629519.2574999991,676533.2574999991,3,45,False
2026-07-22,1628929.2574999991,676533.2574999991,3,45,True
2026-07-23,1539861.4056599992,34974.40565999923,5,44,False
2026-07-24,1598274.4056599992,34974.40565999923,5,43,False
2026-07-27,1609225.4056599992,34974.40565999923,5,42,False
2026-07-28,1484535.4056599992,34974.40565999923,5,39,False
2026-07-29,1435530.5679599992,604682.5679599992,3,34,True
2026-07-30,1353990.629279999,1467.6292799991934,6,29,False
2026-07-31,1493599.9224799993,909011.9224799993,2,33,False
2026-08-03,1434709.9224799993,909011.9224799993,2,30,False
2026-08-04,1437715.8152399992,1147222.8152399992,1,31,False
2026-08-05,1459126.8152399992,1147222.8152399992,1,32,True
2026-08-06,1491471.9348799991,81207.93487999914,5,34,False
2026-08-07,1520114.807179999,360151.80717999913,4,33,False
2026-08-10,1572889.807179999,360151.80717999913,4,35,False
2026-08-11,1554280.807179999,360151.80717999913,4,36,False
2026-08-12,1563874.807179999,360151.80717999913,4,38,True
2026-08-13,1596266.682519999,67959.6825199991,5,40,False
2026-08-14,1588761.682519999,67959.6825199991,5,40,False
2026-08-17,1646264.682519999,67959.6825199991,5,42,False
2026-08-18,1640541.682519999,67959.6825199991,5,41,False
2026-08-19,1542329.682519999,67959.6825199991,5,40,True
2026-08-20,1556097.916619999,1064.9166199991014,6,39,False
2026-08-21,1542083.568619999,271645.5686199991,5,36,False
2026-08-24,1476050.6966199991,562609.6966199991,4,37,False
2026-08-25,1484642.7785999991,838827.7785999991,3,38,False
2026-08-26,1479437.7785999991,838827.7785999991,3,37,True
2026-08-27,1510487.3015699992,40267.30156999914,5,37,False
2026-08-28,1502928.367569999,321439.3675699991,4,37,False
2026-08-31,1539778.367569999,321439.3675699991,4,39,False
2026-09-01,1508241.367569999,321439.3675699991,4,39,False
