date,code,shares,price,commission,cash
2021-09-03,sh600188,24400,7.38,55.82231999999999,819872.17768
2021-09-03,sh603260,800,222.49,55.177519999999994,641825.0001599999
2021-09-03,sh600089,10600,20.2,66.37719999999999,427638.62295999995
2021-09-03,sh600111,3600,52.85,58.980599999999995,237319.64235999994
2021-09-03,sh600010,50200,3.88,60.380559999999996,42483.26179999995
2021-09-10,sh600188,-2500,9.22,18.6705,65514.59129999995
2021-09-10,sh603260,100,213.64,6.622839999999999,44143.968459999945
2021-09-10,sh600111,-100,58.71,7.99421,50006.97424999995
2021-09-10,sh600089,300,18.64,5.05592,44409.91832999995
2021-09-10,sz002466,300,119.75,11.13675,8473.781579999952
2021-09-17,sz002466,-300,106.4,25.8552,40367.926379999946
2021-09-17,sh600188,-4800,11.52,44.78976,95619.13661999995
2021-09-17,sh600111,400,52.62,6.52488,74564.61173999995
2021-09-17,sh601669,10000,7.41,22.970999999999997,441.64073999994434
2021-09-17,sh600010,100,3.53,5.00353,83.63720999994433
2021-09-28,sh600111,-3900,43.14,136.27926,168193.35794999995
2021-09-28,sh600188,2300,9.48,6.759239999999999,146382.59870999993
2021-09-28,sh603260,-100,209.22,16.94682,167287.65188999992
2021-09-28,sh601669,13300,7.62,31.417259999999995,65910.23462999992
2021-09-28,sh600011,9000,7.31,20.3949,99.83972999991965
2021-10-12,sh600188,-2300,9.89,18.425069999999998,22828.41465999992
2021-10-12,sh601225,2800,7.93,6.883239999999999,617.5314199999193
2021-10-13,sh600010,-50300,2.83,115.30268999999998,142851.22872999992
2021-10-19,sh600188,-1800,11.12,16.212960000000002,162851.0157699999
2021-10-19,sh603260,200,170.26,10.556119999999998,128788.45964999992
2021-10-19,sh601225,16200,7.91,39.724019999999996,606.7356299999228
2021-10-26,sh600039,100,4.94,5.00494,107.73068999992279
2021-10-29,sh600188,-15300,6.22,77.08445999999999,95196.64622999993
2021-10-29,sh601225,-19000,5.4,83.106,197713.54022999993
2021-11-01,sh603260,-1000,158.18,128.1258,355765.4144299999
2021-11-02,sz002837,12200,12.74,48.18268,200289.2317499999
2021-11-02,sh600039,27000,5.56,46.53719999999999,50122.6945499999
2021-11-02,sh600011,7600,6.54,15.40824,403.2863099999013
2021-11-02,sh601669,-2800,7.55,17.1234,21526.1629099999
2021-11-02,sh600089,-2100,17.31,29.444309999999998,57847.718599999906
2021-11-09,sh601669,-20500,6.71,111.41954999999999,195291.2990499999
2021-11-09,sz002837,-12200,11.02,108.89964,329626.39940999995
2021-11-09,sh600039,-1900,5.44,10.271360000000001,339952.12804999994
2021-11-09,sh600188,21600,6.62,44.32752,196915.80052999995
2021-11-09,sh600011,8900,5.58,15.395219999999998,147238.40530999994
2021-11-09,sh601058,9900,14.47,44.408429999999996,3940.9968799999333
2021-11-09,sh600875,200,16.53,5.03306,629.9638199999331
2021-11-10,sh600188,-21600,5.92,103.57632,128398.38749999994
2021-11-11,sh600011,-25500,5.58,115.25489999999999,270573.13259999995
2021-11-15,sh600089,-8800,15.66,111.62447999999999,408269.50811999995
2021-11-16,sh600039,-600,5.36,6.64016,411478.86795999995
2021-11-16,sh601058,-100,13.7,5.6987000000000005,412843.16925999994
2021-11-16,sh600011,26600,5.08,41.88968,277673.27958
2021-11-16,sh600875,8400,15.8,41.14319999999999,144912.13637999998
2021-11-16,sh601689,3600,37.59,41.95043999999999,9546.185939999996
2021-11-17,sh600011,-26600,4.92,106.00632,140312.17962
2021-11-23,sh600875,-8600,17.9,124.69139999999999,294127.48822
2021-11-23,sh600522,7900,17.32,42.41667999999999,157257.07154
2021-11-23,sh600233,9000,15.35,42.826499999999996,19064.24504000001
2021-11-23,sz002028,300,48.03,5.14409,4650.100950000009
2021-11-23,sh601058,300,12.92,5.03876,769.0621900000092
2021-11-30,sh600039,-1200,6.2,8.7944,8200.267790000009
2021-11-30,sh601689,-500,44.02,17.8281,30192.43969000001
2021-11-30,sz002028,500,53.4,8.277,3484.162690000012
2021-11-30,sh600233,200,14.14,5.02828,651.1344100000119
2021-12-07,sh601058,-10100,12.39,101.36259,125688.77182000001
2021-12-07,sh600039,-3100,6.73,16.89903,146534.87279
2021-12-07,sh600522,1100,15.23,5.193429999999999,129776.67936
2021-12-07,sz002920,900,139.76,38.99303999999999,3953.686320000008
2021-12-07,sh600233,-200,15.24,6.55448,6995.131840000008
2021-12-07,sh601689,100,35.68,5.03568,3422.0961600000082
2021-12-14,sh601689,-3200,33.17,85.97664,109480.11952000001
2021-12-14,sh600039,1700,6.16,5.10472,99003.0148
2021-12-14,sh600522,-900,16.66,12.64694,113984.36786
2021-12-14,sz002920,100,130.99,5.13099,100880.23687
2021-12-14,sz002837,8300,12.1,31.1333,419.10356999999203
2021-12-21,sz002028,-800,50.9,32.9832,41106.12036999999
2021-12-21,sh600522,400,15.65,5.0626,34841.05776999999
2021-12-21,sz002920,-100,136.14,11.94314,48443.11462999999
2021-12-21,sh688008,600,79.96,14.872559999999996,452.24206999999296
2021-12-21,sh600233,-700,15.85,10.65845,11536.583619999992
2021-12-28,sh600233,-8300,16.14,108.50921999999998,145390.07439999998
2021-12-28,sh688008,-600,80.11,38.93346,193417.14093999998
2021-12-28,sh600522,300,15.18,5.04554,188858.0954
2021-12-28,sh600039,1200,5.68,5.06816,182037.02724
2021-12-28,sh601689,3700,36.01,41.30347,48758.72376999998
2021-12-28,sh601058,3700,13.11,15.03717,236.68659999997908
2021-12-30,sz002837,-8300,10.41,69.98643,86569.70016999997
2022-01-04,sh601689,-3700,36.02,107.95194000000001,219735.74822999997
2022-01-05,sh601058,-3700,13.11,39.29067,268203.45755999995
2022-01-05,sh600522,-400,15.52,8.166080000000001,274403.29147999996
2022-01-05,sz300394,11600,11.13,40.02348,145255.26799999992
2022-01-05,sz002920,100,128.3,5.1283,132420.1396999999
2022-01-05,sh600039,-1300,5.91,8.918330000000001,140094.22136999993
2022-01-05,sz000999,7100,18.24,40.14623999999999,10550.07512999994
2022-01-11,sh600522,-8400,13.82,94.03128000000001,126544.04384999994
2022-01-12,sh600039,-21900,5.49,97.38711,246677.65673999995
2022-01-12,sh600522,9200,13.92,39.699839999999995,118573.95689999995
2022-01-12,sz000999,-600,18.75,10.7375,129813.21939999994
2022-01-12,sz002920,-100,135.72,11.92172,143373.29767999993
2022-01-12,sh600233,7200,17.16,38.30112,19782.996559999927
2022-01-13,sh600522,-9200,13.73,102.31595999999999,145996.6805999999
2022-01-19,sh600233,-7200,16.0,93.312,261103.3685999999
2022-01-19,sz300394,-600,11.34,8.470040000000001,267898.8985599999
2022-01-19,sz002920,-100,146.72,12.48272,282558.4158399999
2022-01-19,sz000999,600,17.88,5.10728,271825.3085599999
2022-01-19,sz002916,1500,83.49,38.822849999999995,146551.48570999992
2022-01-19,sz002384,5200,24.17,38.962039999999995,20828.523669999908
2022-01-20,sz002384,-5200,22.42,94.43304,137318.09062999993
2022-01-26,sz002916,-1500,81.37,98.86455000000001,259274.22607999993
2022-01-26,sz000999,-300,17.56,7.686679999999999,264534.53939999995
2022-01-26,sz300394,400,10.63,5.04252,260277.49687999996
2022-01-26,sz001979,9900,12.45,38.20905,136984.28782999996
2022-01-26,sh601088,10200,11.78,37.24836,16791.03946999996
2022-01-26,sh600048,1100,14.14,5.15554,1231.88392999996
2022-02-09,sz002920,-800,116.05,75.2004,93996.68352999995
2022-02-09,sz300394,-11400,9.62,88.83107999999999,203575.85244999995
2022-02-09,sh600048,-1100,14.22,12.977419999999999,219204.87502999994
2022-02-09,sh601088,-1300,13.36,14.068080000000002,236558.80694999994
2022-02-09,sh601800,12800,9.09,36.06912,120170.73782999994
2022-02-09,sz001979,-500,12.66,8.2283,126492.50952999994
2022-02-09,sz300803,3700,31.64,36.291079999999994,9388.218449999942
2022-02-16,sz001979,-9400,12.43,94.64202,126135.57642999994
2022-02-16,sz300803,-3700,30.04,90.02987999999999,237193.54654999994
2022-02-16,sh601088,-200,13.48,6.37496,239883.17158999995
2022-02-16,sz000999,-300,17.88,7.73564,245239.43594999996
2022-02-16,sh600188,12800,9.05,35.9104,129363.52554999995
2022-02-16,sh601800,100,9.18,5.00918,128440.51636999995
2022-02-16,sz000408,4100,29.03,36.89713,9380.619239999956
2022-02-23,sh601088,-400,14.86,8.03144,15316.587799999957
2022-02-23,sh600188,-1100,10.27,10.76147,26602.82632999996
2022-02-23,sz000999,800,16.85,5.1348,13117.691529999958
2022-02-23,sh601225,1600,7.7,5.1232,792.5683299999582
2022-03-02,sh600188,-900,11.53,10.29227,11159.276059999958
2022-03-02,sh601088,100,14.68,5.01468,9686.261379999958
2022-03-02,sh601225,1200,7.74,5.09288,393.16849999995793
2022-03-10,sz000999,-7300,16.2,95.7906,118557.37789999996
2022-03-14,sz000408,-4100,27.2,90.3312,229987.04669999995
2022-03-15,sh601800,-12900,7.69,80.35281,329107.69388999994
2022-03-16,sh601225,-2800,6.24,14.15232,346565.54156999994
2022-03-16,sh600188,100,10.42,5.01042,345518.53114999994
2022-03-16,sz000999,6800,16.66,35.119279999999996,232195.41186999995
2022-03-16,sh601088,400,12.93,5.05172,227018.36014999996
2022-03-16,sz002001,4400,25.51,34.79563999999999,114739.56450999997
2022-03-16,sh601838,12400,9.14,35.13416,1368.430349999966
2022-03-17,sz000999,-6800,16.46,90.66167999999999,113205.76866999996
2022-03-23,sz002001,-4400,25.0,89.1,223116.66866999996
2022-03-23,sh600188,-1200,12.76,12.80912,238415.85954999996
2022-03-23,sh601088,-700,15.37,10.48709,249164.37245999996
2022-03-23,sz000999,7100,17.67,38.891670000000005,123668.48078999994
2022-03-23,sh601225,15200,8.11,38.214319999999994,358.26646999995864
2022-03-23,sh601838,-700,10.58,8.77706,7755.489409999958
2022-03-30,sh600188,-200,14.35,6.463699999999999,10619.025709999958
2022-03-30,sh601225,-300,9.06,6.38618,13330.639529999959
2022-03-30,sh601088,-400,18.08,8.688320000000001,20553.951209999956
2022-03-30,sz000999,-600,21.51,11.582060000000002,33448.369149999955
2022-03-30,sh601838,2300,10.16,7.244079999999999,10073.125069999955
2022-04-08,sh600188,700,13.41,5.09387,681.031199999954
2022-04-08,sh601838,-1900,11.51,17.71389,22532.317309999955
2022-04-08,sh601009,2500,8.75,6.781249999999999,650.5360599999549
2022-04-15,sz000999,-6500,18.15,95.55974999999998,118529.97630999994
2022-04-15,sh600188,-100,15.25,5.77775,120049.19855999995
2022-04-15,sh601225,-1500,11.21,13.620149999999999,136850.57840999996
2022-04-15,sh601088,-500,20.78,10.2989,147230.27950999996
2022-04-15,sh601899,14000,10.38,45.0492,1865.2303099999554
2022-04-22,sh601899,-14000,8.85,100.359,125664.87130999996
2022-04-22,sh601838,-12100,11.47,112.41747000000001,264339.45384
2022-04-22,sh600188,700,11.65,5.08155,256179.37228999997
2022-04-22,sh601225,500,9.31,5.04655,251519.32573999997
2022-04-22,sh601898,19000,6.75,39.75749999999999,123229.56823999996
2022-04-22,sh601088,200,17.16,5.03432,119792.53391999996
2022-04-22,sh600026,18500,6.47,37.10545,60.42846999995527
2022-04-26,sh600188,-10800,11.12,97.27775999999999,120059.15070999994
2022-04-29,sh600026,2500,6.51,5.16275,103778.98795999994
2022-04-29,sh601225,-600,10.36,8.170160000000001,109986.81779999995
2022-04-29,sh601898,-400,7.51,6.532039999999999,112984.28575999994
2022-04-29,sh600188,9300,12.09,34.85547,512.4302899999457
2022-04-29,sh601088,-500,19.59,9.99545,10297.434839999945
2022-05-09,sh600188,-9300,11.28,84.97224,115116.46259999994
2022-05-11,sh601009,-2500,8.35,16.908749999999998,135974.55384999994
2022-05-11,sh601898,-400,6.72,6.3708800000000005,138656.18296999994
2022-05-11,sh600188,11400,10.75,37.99049999999999,16068.192469999936
2022-05-11,sh600026,-700,6.05,7.1598500000000005,20296.032619999936
2022-05-11,sh601225,800,8.71,5.06968,13322.962939999936
2022-05-11,sh601088,300,16.97,5.05091,8226.912029999936
2022-05-12,sh600188,-11400,11.71,108.13014,141612.78188999995
2022-05-18,sh600026,-1600,7.34,10.98944,153345.79244999995
2022-05-18,sh601898,700,7.43,5.05201,148139.74043999994
2022-05-18,sh601225,-100,10.09,5.51459,149143.22584999993
2022-05-18,sh601872,30100,4.61,43.01591,10339.209939999942
2022-05-18,sh601088,-100,19.6,5.9996,12293.210339999943
2022-05-25,sh600026,400,7.7,5.0308,9208.179539999943
2022-05-25,sh601898,400,7.67,5.03068,6135.148859999943
2022-05-25,sh601225,-700,10.96,8.91272,13798.236139999943
2022-05-25,sh601088,-100,21.0,6.071,15892.165139999943
2022-05-25,sh601872,1200,4.69,5.05628,10259.108859999942
2022-06-01,sh600026,-1300,8.74,10.79462,21610.31423999994
2022-06-01,sh601898,900,7.83,5.07047,14558.243769999943
2022-06-01,sh601872,700,4.89,5.03423,11130.209539999942
2022-06-09,sh600026,-800,10.28,9.19424,19345.01529999994
2022-06-09,sh601225,100,13.15,5.01315,18025.002149999942
2022-06-09,sh601872,-400,5.45,6.1118,20198.890349999943
2022-06-09,sh601898,-300,8.68,6.32804,22796.562309999943
2022-06-09,sh601088,500,23.3,5.1165,11141.445809999943
2022-06-16,sh601225,-1600,14.18,18.37728,33811.068529999946
2022-06-16,sh601898,-1500,9.09,11.95385,47434.11467999995
2022-06-16,sh600026,1900,8.71,5.16549,30879.94918999995
2022-06-16,sz300803,700,41.45,8.99465,1855.9545399999442
2022-06-16,sh601872,300,4.79,5.01437,413.94016999994415
2022-06-23,sh601088,-7500,19.13,116.21475,143772.72541999994
2022-06-23,sh600026,-1700,8.69,12.53423,158533.19118999995
2022-06-23,sh601872,800,4.54,5.03632,154896.15486999994
2022-06-23,sh601225,700,12.21,5.08547,146344.06939999995
2022-06-23,sz300803,2900,41.51,37.31748999999999,25927.751909999948
2022-06-23,sh605117,500,46.43,7.196649999999999,2705.5552599999464
2022-06-30,sh600026,200,9.1,5.0182,880.5370599999465
2022-06-30,sh601225,-1200,14.19,13.792679999999999,17894.74437999995
2022-06-30,sz002594,100,107.2,5.1072,7169.637179999949
2022-07-04,sh601872,-32700,4.55,120.51585,155834.12132999997
2022-07-07,sh605117,2400,52.79,39.27575999999999,29098.84556999996
2022-07-07,sh600438,400,61.74,7.655759999999999,4395.18980999996
2022-07-07,sh601225,-600,14.26,9.36356,12941.82624999996
2022-07-07,sh600089,600,20.62,5.12372,564.7025299999605
2022-07-08,sh600026,-17400,7.78,109.65132,135827.05120999995
2022-07-13,sh601898,-18400,7.54,112.37616,274450.67504999996
2022-07-14,sh601225,-10700,14.24,123.41807999999999,426695.25697
2022-07-14,sh605117,-200,54.49,10.55798,437582.69899
2022-07-14,sz002466,1200,124.15,46.1838,288556.51519
2022-07-14,sh600522,6400,23.57,46.762879999999996,137661.75231
2022-07-14,sh600438,2200,55.75,38.021499999999996,14973.730810000008
2022-07-21,sz300803,-3600,36.64,106.84224,146770.88857
2022-07-21,sz002594,-100,106.54,10.43354,157414.45503
2022-07-21,sh605117,-100,58.74,7.9957400000000005,163280.45929
2022-07-21,sz000625,9300,16.46,47.454179999999994,10155.005109999998
2022-07-21,sh600522,-500,25.82,11.5841,23053.42101
2022-07-21,sh601689,300,58.72,5.46096,5431.960049999998
2022-07-28,sh600438,-2600,52.05,109.6173,140652.34274999998
2022-07-28,sh600089,-600,18.13,10.54778,151519.79497
2022-07-28,sz000625,-300,16.43,7.51379,156441.28118
2022-07-28,sh605117,-200,62.58,11.38316,168945.89802
2022-07-28,sz002050,4800,30.62,45.56256,21924.335460000002
2022-07-28,sz000657,1700,12.82,6.75614,123.57932000000073
2022-08-03,sz002466,-1200,111.65,108.5238,133995.05552
2022-08-04,sh600522,-5900,21.61,103.27419,261390.78133
2022-08-04,sz000625,-600,17.51,10.358060000000002,271886.42327
2022-08-04,sh605117,-200,63.6,11.487200000000001,284594.93607000005
2022-08-04,sh600026,13100,11.26,45.726859999999995,137043.20921000006
2022-08-04,sz002050,400,28.34,5.11336,125702.09585000006
2022-08-04,sz000657,10300,12.2,38.95459999999999,3.1412500000733417
2022-08-11,sz002050,-200,30.06,8.066120000000002,6007.075130000073
2022-08-11,sz000625,300,16.16,5.04848,1154.0266500000726
2022-08-18,sz000657,-12000,11.78,114.5016,142399.52505000008
2022-08-18,sz002050,400,28.76,5.11504,130890.41001000008
2022-08-18,sz002384,4400,29.33,40.006119999999996,1798.4038900000887
2022-08-18,sh600026,-1800,14.0,20.412,26977.99189000009
2022-08-18,sh600027,5900,4.49,8.212209999999999,478.77968000008696
2022-08-24,sz000625,-8700,15.29,107.74862999999999,133394.0310500001
2022-08-25,sh601689,-300,54.11,13.27883,149613.7522200001
2022-08-25,sh605117,-400,81.64,26.45136,182243.3008600001
2022-08-25,sz002837,12300,12.59,48.005669999999995,27338.29519000009
2022-08-25,sz002050,400,26.65,5.1066,16673.188590000093
2022-08-25,sh600027,3400,4.82,5.16388,280.02471000009245
2022-08-25,sh600026,-400,14.34,7.9253599999999995,6008.099350000092
2022-08-29,sz002050,-5800,25.15,118.15469999999999,151759.94465000008
2022-09-01,sh600026,-10900,12.88,113.71752,292038.2271300001
2022-09-01,sh605117,100,70.04,5.07004,285029.15709000005
2022-09-01,sh600027,20100,4.71,29.34801,190328.80908000004
2022-09-01,sh601689,2600,52.5,42.315,53786.49408000003
2022-09-01,sz002384,1000,25.37,7.8647,28408.629380000035
2022-09-01,sz002050,1100,24.3,8.2863,1670.3430800000351
2022-09-02,sh601689,-2600,51.6,108.6696,135721.67348000006
2022-09-02,sz002050,-1100,24.61,21.927509999999998,162770.74597000005
2022-09-08,sh605117,-100,81.01,9.13151,170862.61446000004
2022-09-08,sh600027,-4200,6.07,20.65014,196335.96432000003
2022-09-08,sh600026,9500,15.59,45.912549999999996,48185.05177000002
2022-09-08,sz002384,100,27.67,5.02767,45413.02410000002
2022-09-08,sh600188,1900,22.93,13.505769999999998,1832.5183300000135
2022-09-15,sz002837,-12300,9.9,98.6337,123503.88463000002
2022-09-16,sz002384,-5500,25.87,115.25084999999999,265673.63378000003
2022-09-16,sh600027,500,5.54,5.0277,262898.60608000006
2022-09-16,sh600188,4400,21.66,29.54424,167565.06184000004
2022-09-16,sh600026,-200,15.19,6.54938,170596.51246000003
2022-09-16,sh605117,200,70.56,5.14112,156479.37134
2022-09-16,sh601225,7700,18.21,43.46726999999999,16218.904070000019
2022-09-23,sh600026,-900,18.25,13.376750000000001,32630.52732000002
2022-09-23,sh600027,700,5.7,5.0399,28635.48742000002
2022-09-23,sh605117,-100,79.59,9.05909,36585.42833000002
2022-09-23,sh600188,400,22.3,5.0892,27660.339130000015
2022-09-23,sh601872,3800,7.1,8.3638,671.9753300000157
2022-09-30,sh601872,-3800,5.89,18.12942,23035.845910000015
2022-09-30,sh600026,500,15.7,5.0785,15180.767410000015
2022-09-30,sh605117,-200,81.76,13.339520000000002,31519.427890000017
2022-09-30,sh600027,1200,5.26,5.06312,25202.36477000002
2022-09-30,sz000975,2200,11.4,7.774799999999999,114.5899700000191
2022-10-14,sh601225,-7700,15.97,99.60489,122983.98508000001
2022-10-14,sh600026,800,14.83,5.11864,111114.86644000001
2022-10-14,sh600188,300,19.93,5.05979,105130.80665000001
2022-10-14,sh600027,-4300,5.89,20.514870000000002,130437.29178000001
2022-10-14,sz000975,9800,11.38,34.57244,18878.719339999996
2022-10-21,sh605117,-1700,69.88,96.22475999999997,137578.49458
2022-10-21,sh600188,-7000,18.69,105.97230000000002,268302.52228000003
2022-10-21,sh600026,-2200,18.27,32.557140000000004,308463.96514000004
2022-10-21,sz000975,200,11.47,5.02294,306164.94220000005
2022-10-21,sh600027,3400,5.32,5.607279999999999,288071.33492000005
2022-10-21,sh600875,6600,21.15,43.27289999999999,148438.06202000004
2022-10-21,sh601872,19500,7.09,42.859049999999996,10140.202970000042
2022-10-28,sh600027,-26700,4.85,104.89094999999998,139530.31202
2022-10-28,sh601872,-19500,6.43,101.56184999999999,264813.75017
2022-10-28,sz000999,4600,27.83,39.685579999999995,136756.06459000002
2022-10-28,sh600026,600,16.39,5.09834,126916.96625000003
2022-10-28,sh600875,-300,20.64,8.15792,133100.80833000003
2022-10-28,sz000975,-1500,12.46,15.1389,151775.66943000004
2022-11-04,sh600026,-500,17.98,9.584900000000001,160756.08453000005
2022-11-04,sz000999,400,26.64,5.10656,150094.97797000007
2022-11-04,sz300832,2500,52.52,40.702999999999996,18754.274970000057
2022-11-04,sh600875,100,21.02,5.02102,16647.253950000057
2022-11-04,sz000975,200,12.19,5.02438,14204.229570000058
2022-11-11,sh600875,-500,23.9,11.0945,26143.13507000006
2022-11-11,sh600026,600,16.69,5.10014,16124.034930000058
2022-11-11,sz300832,200,51.2,5.1024,5878.932530000058
2022-11-16,sh600026,-8200,16.7,110.92139999999999,142708.01113000006
2022-11-18,sz000999,-600,30.73,14.93478,161131.07635000005
2022-11-18,sh688111,400,274.36,34.02063999999999,51353.055710000044
2022-11-18,sh600875,400,22.06,5.08824,42523.96747000005
2022-11-18,sh600026,2200,18.84,12.848879999999998,1063.1185900000492
2022-11-25,sh688111,-400,254.24,82.37376,102676.74483000004
2022-11-25,sh600875,-500,23.33,10.94915,114330.79568000004
2022-11-25,sz000975,-1200,13.93,13.53996,131033.25572000004
2022-11-25,sz000999,300,28.42,5.08526,122502.17046000005
2022-11-25,sz300832,200,46.46,5.09292,113205.07754000006
2022-11-25,sh600026,5900,16.68,30.50772,14762.569820000062
2022-11-30,sh600026,-8100,15.18,99.59598,137620.97384000005
2022-12-02,sz000999,-400,29.04,10.92416,149226.04968000005
2022-12-02,sz000617,20400,6.47,40.91627999999999,17197.13340000005
2022-12-02,sz000657,1400,11.88,5.16632,559.9670800000495
2022-12-05,sh600875,-5800,20.44,96.02712000000001,119015.93996000006
2022-12-06,sz300832,-2900,42.6,100.06739999999999,242455.87256000005
2022-12-09,sh600050,22300,4.53,31.31589,141405.55667000005
2022-12-09,sz000999,-800,28.39,18.39672,164099.15995000006
2022-12-09,sz000617,-5200,6.86,28.89432,199742.26563000007
2022-12-09,sz300832,2400,42.3,31.471199999999996,98190.79443000007
2022-12-09,sh601728,27900,3.51,30.357989999999997,231.43644000006316
2022-12-12,sz300832,-2400,43.21,84.00023999999999,103851.43620000007
2022-12-13,sz000975,-9700,10.6,83.2842,206588.15200000006
2022-12-16,sz000999,-3500,25.34,71.8389,295206.3131
2022-12-16,sz000657,-1400,11.24,13.02536,310929.28774000006
2022-12-16,sh600050,4900,4.31,6.5468899999999985,289803.74085000006
2022-12-16,sz300832,2700,42.82,35.84034,174153.90051000006
2022-12-16,sz000617,5100,5.75,9.09075,144819.80976000006
2022-12-16,sz300124,1700,67.79,35.72533000000001,29541.084430000046
2022-12-19,sz300832,-2700,43.57,95.28759,147084.79684000002
2022-12-23,sh600050,500,3.99,5.01995,145084.77689000004
2022-12-23,sh601021,1700,63.35,33.38544999999999,37356.391440000036
2022-12-23,sz000999,1600,22.26,11.040959999999998,1729.3504800000374
2022-12-23,sz000617,300,5.23,5.01569,155.33479000003717
2022-12-26,sz300124,-1700,64.96,89.44991999999999,110497.88487000002
2022-12-26,sz000999,-1600,21.61,28.00656,145045.87831000003
2022-12-30,sh600050,-200,4.07,5.41514,145854.46317000003
2022-12-30,sz000617,800,5.17,5.04136,141713.42181000003
2022-12-30,sz300124,1600,68.16,33.80736,32623.614450000023
2022-12-30,sh601021,100,60.85,5.06085,26533.55360000002
2022-12-30,sh601628,700,34.49,7.48433,2383.069270000022
2023-01-05,sz300124,-1600,65.1,84.36959999999999,106458.69967
2023-01-09,sh601728,-27900,3.46,78.19254000000001,202914.50712999998
2023-01-09,sh600050,-2500,4.49,10.72475,214128.78238
2023-01-09,sz002422,4400,25.6,34.91839999999999,101453.86398
2023-01-09,sz000617,100,5.23,5.00523,100925.85875
2023-01-09,sh601888,400,221.25,27.435,12398.423750000002
2023-01-09,sh600029,1600,7.66,5.12256,137.30119000000195
2023-01-11,sz000617,-21500,5.1,88.81649999999999,109698.48468999998
2023-01-16,sz002422,-4400,25.3,90.16919999999999,220928.31548999998
2023-01-16,sh601899,11700,9.8,35.5446,106232.77088999997
2023-01-16,sh600050,-100,4.57,5.2330700000000006,106684.53781999997
2023-01-16,sz000596,300,281.07,26.139509999999998,22337.398309999975
2023-01-16,sh601628,600,35.61,6.62346,964.7748499999761
2023-01-16,sz000617,100,5.35,5.00535,424.7694999999761
2023-01-18,sz000617,-100,5.19,5.26469,938.5048099999761
2023-01-30,sh601021,-1800,61.4,89.5212,111368.98360999997
2023-01-30,sh600029,-1600,7.88,11.43008,123965.55352999996
2023-01-30,sh600050,-2100,5.05,10.40855,134560.14497999995
2023-01-30,sh601899,-300,10.15,6.55295,137598.59202999994
2023-01-30,sh601318,2600,44.48,35.85088,21914.741149999958
2023-02-01,sh601628,-1300,31.69,33.36957,63078.371579999955
2023-02-06,sh601888,-400,203.8,66.0312,144532.34037999995
2023-02-06,sh601899,-500,9.65,7.460750000000001,149349.87962999995
2023-02-06,sh603369,1900,55.31,32.57759,44228.30203999995
2023-02-06,sh600050,200,4.69,5.00938,43285.29265999995
2023-02-06,sz002532,5900,7.22,13.205379999999998,674.0872799999488
2023-02-13,sh601899,-10900,9.17,80.96193,100546.12534999994
2023-02-13,sz002532,-5900,6.92,33.070679999999996,141341.05466999995
2023-02-13,sh603369,-100,58.44,7.98044,147177.07422999994
2023-02-13,sh600050,800,4.46,5.03568,143604.03854999994
2023-02-13,sz000568,400,230.65,28.600599999999996,51315.437949999934
2023-02-13,sz000938,2200,23.13,15.774659999999999,413.6632899999313
2023-02-20,sz000596,-300,262.11,63.69273,78982.97055999993
2023-02-20,sh601318,-2600,39.74,83.69244,182223.27811999992
2023-02-20,sz302132,2000,51.74,32.078799999999994,78711.19931999991
2023-02-20,sh603369,-100,59.68,8.04368,84671.15563999991
2023-02-20,sh601728,17700,4.76,26.118119999999998,393.0375199999107
2023-02-27,sz000938,-2200,23.27,41.46714,51545.57037999991
2023-02-27,sz302132,100,49.95,5.04995,46545.52042999991
2023-02-27,sz300394,3400,13.29,14.00766,1345.5127699999066
2023-03-06,sh600050,-23800,5.61,108.14958,134755.36318999992
2023-03-06,sz000568,-400,231.67,75.06108,227348.30210999993
2023-03-06,sz302132,100,53.5,5.0535,221993.24860999992
2023-03-06,sz300418,4500,25.0,34.875,109458.37360999992
2023-03-06,sz000977,2900,34.48,30.99751999999999,9435.376089999932
2023-03-06,sz300394,700,12.63,5.08841,589.2876799999322
2023-03-06,sh601728,100,5.61,5.00561,23.282069999932105
2023-03-13,sh603369,-1700,56.95,78.42014999999999,96759.86191999992
2023-03-13,sz000977,-2900,31.22,73.33578,187224.5261399999
2023-03-13,sz302132,-100,50.45,7.57295,192261.9531899999
2023-03-13,sh600066,32800,3.31,33.65608,83660.29710999991
2023-03-13,sh601698,3900,20.95,25.32855,1929.9685599999066
2023-03-13,sz300394,100,12.05,5.01205,719.9565099999065
2023-03-13,sh601728,100,5.81,5.00581,133.95069999990653
2023-03-20,sz300418,-200,27.96,7.851920000000001,5718.098779999907
2023-03-27,sh601728,-17900,5.71,82.78929,107844.30948999991
2023-03-27,sz302132,400,53.55,6.640199999999999,86417.6692899999
2023-03-27,sh600066,2900,3.77,5.10933,75479.5599599999
2023-03-27,sh688256,600,118.46,22.033559999999998,4381.526399999901
2023-03-27,sz300418,-1100,39.95,35.59545,48290.9309499999
2023-03-27,sh601360,2800,16.9,14.669199999999996,956.2617499999105
2023-04-03,sh601698,-3900,21.09,66.62331,83140.63843999992
2023-04-03,sh600066,-10100,5.71,46.71351,140764.92492999992
2023-04-03,sz302132,500,48.46,7.511299999999999,116527.41362999992
2023-04-03,sh688256,600,125.76,23.39136,41048.02226999993
2023-04-03,sh601360,2400,16.97,12.62568,307.39658999993117
2023-04-11,sh688256,-200,137.03,22.19886,27691.19772999993
2023-04-11,sz300502,1100,24.72,8.429519999999998,490.76820999992924
2023-04-18,sh600066,-25600,5.39,111.76704000000001,138363.00116999992
2023-04-18,sz302132,100,48.28,5.04828,133529.95288999993
2023-04-18,sh688256,100,129.19,5.12919,120605.82369999992
2023-04-18,sz300502,4800,24.81,36.91728,1480.9064199999266
2023-04-25,sh600066,200,6.31,5.01262,213.8937999999266
2023-04-25,sh688256,-100,161.41,13.231910000000001,16341.661889999927
2023-04-25,sz300418,-300,55.95,13.595849999999999,33113.066039999925
2023-04-25,sz300502,100,27.0,5.027,30408.039039999923
2023-04-26,sz302132,-3100,45.31,113.77341,170755.26562999992
2023-05-05,sz300394,-4200,18.02,61.30404,246377.9615899999
2023-05-05,sh600066,21600,7.68,51.42528,80438.53630999991
2023-05-05,sz300418,-500,64.86,26.2683,112842.26800999991
2023-05-05,sz302132,2300,47.88,34.138439999999996,2684.1295699999173
2023-05-11,sz302132,-2300,48.55,90.44865,114258.68091999991
2023-05-12,sh601360,-5200,14.15,59.5998,187779.08111999993
2023-05-12,sh600066,-900,6.97,8.19923,194043.88188999993
2023-05-12,sz300418,100,56.95,5.05695,188343.82493999993
2023-05-12,sh688256,100,130.52,5.13052,175286.69441999993
2023-05-12,sz300308,2900,49.7,44.680299999999995,31112.01411999992
2023-05-12,sh600415,3900,7.92,9.57528,214.43883999991886
2023-05-19,sz300308,-500,66.62,26.981099999999998,33497.457739999925
2023-05-19,sh600066,1800,7.02,5.12636,20856.331379999923
2023-05-19,sz300418,200,57.55,5.1151,9341.216279999922
2023-05-19,sz300502,200,24.81,5.04962,4374.166659999923
2023-05-26,sz300308,-100,64.65,8.29715,10830.869509999924
2023-05-26,sz300418,200,50.74,5.1014800000000005,677.7680299999247
2023-05-26,sh600066,-1100,7.09,8.97749,8467.790539999925
2023-06-02,sz300502,-100,29.22,6.49022,11383.300319999926
2023-06-02,sz300418,100,58.2,5.0582,5558.242119999925
2023-06-02,sh600066,700,7.44,5.05208,345.1900399999249
2023-06-09,sz300308,-100,74.45,8.796949999999999,7781.393089999925
2023-06-09,sz300502,100,27.08,5.02708,5068.366009999925
2023-06-09,sh600415,500,8.57,5.04285,778.3231599999253
2023-06-16,sh688256,-1100,137.85,122.82435,152290.4988099999
2023-06-16,sz300308,-300,95.75,23.26725,180992.2315599999
2023-06-16,sz300502,-300,31.55,9.82715,190447.4044099999
2023-06-16,sz300394,5300,35.45,58.244350000000004,2504.1600599998783
2023-06-16,sh600066,300,8.0,5.024,99.1360599998784
2023-06-26,sz300418,-3000,47.35,115.06049999999999,142034.07555999988
2023-06-27,sz300308,-200,103.72,16.80264,162761.27291999987
2023-06-27,sz300502,-200,31.77,8.24054,169107.03237999987
2023-06-27,sh600066,900,7.8,5.0702,162081.9621799999
2023-06-27,sz300394,-200,35.11,8.58122,169095.3809599999
2023-06-27,sh600415,20200,7.49,46.902379999999994,17750.47857999988
2023-07-04,sh600415,-24600,7.31,145.65905999999998,197430.81951999987
2023-07-04,sz300308,100,103.05,5.10305,187120.71646999987
2023-07-04,sz300394,100,35.44,5.03544,183571.68102999986
2023-07-04,sz300502,-100,33.95,6.731450000000001,186959.94957999987
2023-07-04,sh600066,-2500,9.04,18.305999999999997,209541.64357999986
2023-07-04,sh600023,44600,4.31,59.59005999999999,17256.0535199999
2023-07-11,sz300502,-5600,31.96,144.97056,196087.0829599999
2023-07-11,sz300394,200,34.11,5.06822,189260.01473999993
2023-07-11,sh600066,-100,8.89,5.45339,190143.56134999992
2023-07-11,sh600023,-2300,4.33,10.07909,200092.4822599999
2023-07-11,sh600415,25200,7.52,58.74623999999999,10529.736019999895
2023-07-12,sh600415,-25200,7.55,154.11059999999998,200635.62541999988
2023-07-18,sh600023,-42300,4.11,140.82093,374347.8044899999
2023-07-18,sz300308,-100,112.8,10.7528,385617.0516899999
2023-07-18,sz300394,-400,37.99,12.74996,400800.3017299999
2023-07-18,sh601138,8100,23.33,58.58163,211768.7200999999
2023-07-18,sz300476,7700,24.56,58.624719999999996,22598.095379999897
2023-07-18,sz000988,500,44.59,6.911449999999999,296.1839299998974
2023-07-25,sz300476,-7700,22.99,143.38862999999998,177175.79529999988
2023-07-25,sz000988,-500,39.4,15.956999999999999,196859.8382999999
2023-07-25,sz300308,100,93.46,5.09346,187508.74483999988
2023-07-25,sz300394,200,33.2,5.0664,180863.67843999987
2023-07-25,sz002920,1100,152.72,52.07752,12819.60091999988
2023-07-25,sh600482,500,21.51,5.10755,2059.49336999988
2023-08-01,sh600066,-20900,8.5,143.8965,179565.5968699999
2023-08-01,sz002920,-1100,152.22,135.62802,346871.9688499999
2023-08-01,sz300394,100,30.86,5.03086,343780.9379899999
2023-08-01,sh601138,100,20.0,5.02,341775.91798999987
2023-08-01,sz300476,8200,20.31,51.62801999999999,175182.28996999987
2023-08-01,sh600150,5100,32.91,52.030709999999985,7289.259259999904
2023-08-04,sz300476,-8200,20.43,135.69606,174679.56319999992
2023-08-07,sh600482,-500,19.65,10.010750000000002,184494.55244999993
2023-08-08,sh600150,-5100,29.92,123.59952,336962.9529299999
2023-08-08,sz300394,-600,37.71,18.32706,359570.62586999993
2023-08-08,sz300308,-100,99.63,10.081130000000002,369523.5447399999
2023-08-08,sh601138,-400,22.4,9.569600000000001,378473.97513999994
2023-08-08,sz300476,8300,21.42,55.11365999999999,200632.86147999993
2023-08-08,sz000988,4800,36.6,54.46079999999999,24898.400679999933
2023-08-09,sz300476,-8300,20.65,138.82995,196154.57072999992
2023-08-10,sz300308,-1700,86.92,119.68884,343798.88188999996
2023-08-10,sz000988,-4800,33.1,128.69279999999998,502550.18909
2023-08-15,sh601138,-7800,19.84,125.34912,657176.83997
2023-08-15,sz300394,-100,35.92,6.83192,660762.00805
2023-08-15,sz300803,3300,46.15,47.21145,508419.79659999994
2023-08-15,sz300308,1800,90.47,50.48225999999999,345523.3143399999
2023-08-15,sh601688,10400,15.5,49.971999999999994,184273.34233999992
2023-08-16,sz300308,-1800,84.02,122.50116,335386.8411799999
2023-08-18,sz300394,-4600,32.05,119.4183,482697.42287999985
2023-08-22,sh601138,8500,19.0,50.065,321147.35787999985
2023-08-22,sh601688,200,14.86,5.02972,318170.32815999986
2023-08-22,sz000807,11900,13.06,48.17833999999999,162708.14981999985
2023-08-22,sz300394,5300,30.17,49.569309999999994,2757.5805099998543
2023-08-23,sz300394,-5300,31.08,133.42643999999999,167348.15406999984
2023-08-24,sh601138,-8500,20.3,139.7655,339758.38856999984
2023-08-29,sz300803,-100,46.82,7.3878200000000005,344433.00074999983
2023-08-29,sh601688,-100,15.1,5.7701,345937.2306499998
2023-08-29,sz002027,25200,6.42,50.15304,184103.0776099998
2023-08-29,sh600030,7300,21.68,49.06184,25790.015769999794
2023-08-29,sh601336,700,35.89,7.788129999999999,659.2276399997936
2023-09-05,sh600030,-7300,20.78,122.87214,152230.3554999998
2023-09-05,sh601336,-700,36.41,20.64447,177696.7110299998
2023-09-05,sz000807,-1000,14.64,12.4664,192324.2446299998
2023-09-05,sh601688,300,14.91,5.04473,187846.1998999998
2023-09-05,sh601600,25900,6.18,49.61922,27734.58067999981
2023-09-05,sz002027,-1000,6.68,8.4068,34406.17387999981
2023-09-05,sh605499,300,104.59,9.72687,3019.4470099998143
2023-09-12,sz002027,-24200,6.48,127.02096,159708.42604999983
2023-09-12,sh605499,-300,102.46,24.897779999999997,190421.52826999984
2023-09-12,sh601688,-300,15.38,7.35314,195028.17512999984
2023-09-12,sz300803,400,43.29,5.36796,177706.80716999984
2023-09-12,sz000975,12000,13.28,49.401599999999995,18297.405569999828
2023-09-12,sh601600,400,6.13,5.02452,15840.381049999829
2023-09-12,sz000807,300,14.31,5.04293,11542.33811999983
2023-09-19,sz000975,-500,13.65,8.48075,18358.85736999983
2023-09-19,sh601688,100,14.88,5.01488,16865.84248999983
2023-09-19,sz000807,200,13.9,5.0278,14080.814689999832
2023-09-19,sh601600,-100,6.0,5.306,14675.508689999831
2023-09-19,sz300803,100,42.24,5.04224,10446.466449999833
2023-09-26,sz300803,-100,42.44,7.16444,14683.302009999832
2023-09-26,sh601688,-200,14.79,6.50858,17634.79342999983
2023-09-26,sh600938,1000,16.93,5.2482999999999995,699.5451299998313
2023-09-26,sh601600,100,5.8,5.0058,114.53932999983124
2023-10-09,sh601688,-10400,14.11,118.86264,146739.67668999982
2023-10-10,sz300803,-3600,41.02,119.61431999999999,294292.0623699998
2023-10-11,sh601600,-26300,5.75,122.49224999999998,445394.5701199998
2023-10-11,sz300803,3700,41.02,47.04994,293573.5201799998
2023-10-11,sz000975,-100,13.21,5.67371,294888.8464699998
2023-10-11,sz000807,-200,13.63,6.39026,297608.4562099998
2023-10-11,sh601077,48100,3.16,47.118759999999995,145565.3374499998
2023-10-11,sh601688,10200,14.23,44.995259999999995,374.342189999792
2023-10-12,sz300803,-3700,42.46,127.25262,157349.08956999978
2023-10-12,sh601688,-10200,14.3,118.1466,303090.94296999974
2023-10-16,sz000807,-11200,12.84,116.48447999999999,446782.45848999976
2023-10-18,sz000975,-11400,13.45,124.1973,599988.2611899998
2023-10-18,sh600938,-1000,17.74,14.3694,617713.8917899998
2023-10-18,sh603259,1800,83.83,46.777139999999996,466773.11464999977
2023-10-18,sh601077,-2800,3.42,9.88376,476339.2308899998
2023-10-18,sh688082,1300,117.27,47.259809999999995,323840.9710799998
2023-10-18,sh688012,1300,110.77,44.64031,179795.33076999983
2023-10-18,sh601088,6100,24.98,47.237179999999995,27370.09358999983
2023-10-25,sh603259,100,81.05,5.08105,19260.01253999983
2023-10-25,sh688082,-100,121.1,11.1761,31358.836439999828
2023-10-25,sh688072,100,171.62,5.320219999999999,14191.516219999827
2023-10-25,sh601077,1300,3.27,5.04251,9935.473709999827
2023-11-01,sh601088,-6100,23.68,117.00288,154266.47082999983
2023-11-01,sh603259,-100,82.24,9.19424,162481.27658999982
2023-11-01,sz300832,2300,64.3,45.8459,14545.430689999834
2023-11-01,sz300866,200,65.39,5.13078,1462.2999099998342
2023-11-08,sh688072,-100,156.04,12.95804,17053.341869999836
2023-11-08,sh601077,-46600,3.12,117.76751999999999,162327.57434999984
2023-11-08,sh688082,-1200,115.1,111.87719999999999,300335.69714999985
2023-11-08,sz300866,-200,64.72,11.60144,313268.09570999985
2023-11-08,sz301236,4500,33.04,46.0908,164542.00490999984
2023-11-08,sz301308,1400,105.95,45.982299999999995,16166.02260999984
2023-11-08,sh603259,-100,85.15,9.342649999999999,24671.67995999984
2023-11-08,sh601901,2600,9.42,7.592519999999999,172.0874399998429
2023-11-15,sh603259,-1700,83.47,114.93818999999999,141956.14924999984
2023-11-15,sz301236,-1100,47.32,42.16212,193965.98712999985
2023-11-15,sz301308,100,102.51,5.10251,183709.88461999985
2023-11-15,sz300832,200,64.43,5.12886,170818.75575999985
2023-11-15,sh601901,15300,9.07,43.019009999999994,32004.736749999865
2023-11-22,sz000338,2400,13.02,9.68688,747.0498699998643
2023-11-22,sh601901,-800,8.97,8.65976,7914.390109999866
2023-11-22,sz000625,500,15.25,5.07625,284.3138599998656
2023-11-22,sz300832,-100,63.48,8.23748,6624.076379999866
2023-11-27,sz301308,-1500,89.65,108.92474999999999,140990.15162999986
2023-11-29,sz300832,-2400,66.44,129.15936,300316.9922699999
2023-11-29,sh601901,-17100,8.34,115.51734,442815.4749299999
2023-11-29,sz301236,300,40.35,5.12105,430705.3538799999
2023-11-29,sz000625,6800,20.35,42.8978,292282.4560799999
2023-11-29,sz300122,2200,66.0,45.01199999999999,147037.44407999993
2023-11-29,sz000338,8800,13.5,36.827999999999996,28200.616079999934
2023-11-29,sz301308,300,93.75,8.71875,66.8973299999343
2023-12-01,sz301308,-300,92.18,22.39974,27698.497589999937
2023-12-06,sh688012,-1300,108.52,114.27156,168660.22602999993
2023-12-06,sz301236,-100,38.78,6.97778,172531.24824999995
2023-12-06,sz000625,500,18.4,5.092,163326.15624999994
2023-12-06,sh601901,16800,8.36,43.53888,22834.617369999934
2023-12-06,sh600025,2900,7.73,6.949269999999999,410.6680999999335
2023-12-13,sz301236,-300,43.67,11.68151,13499.986589999933
2023-12-13,sz000625,300,18.13,5.05439,8055.932199999933
2023-12-13,sz300122,100,63.75,5.06375,1675.8684499999326
2023-12-13,sh601901,100,8.57,5.00857,813.8598799999327
2023-12-19,sz000338,-11200,11.83,107.32176,133202.53811999995
2023-12-20,sz300122,-2300,58.04,108.12851999999998,266586.40959999996
2023-12-20,sz301236,-100,43.68,7.22768,270947.18191999994
2023-12-20,sh688041,1800,75.55,42.1569,134915.02501999994
2023-12-20,sz300394,4000,33.25,41.23,1873.7950199999323
2023-12-20,sz000625,100,16.8,5.0168,188.77821999993216
2023-12-21,sh601901,-16900,7.62,104.31017999999999,128862.46803999993
2023-12-27,sz300394,-4000,31.44,101.8656,254520.60243999993
2023-12-27,sz301236,100,40.67,5.04067,250448.56176999994
2023-12-27,sz000625,-200,16.36,6.66872,253713.89304999996
2023-12-27,sh600025,12900,8.3,33.191700000000004,146610.70134999993
2023-12-27,sz300832,1800,72.7,40.566599999999994,15710.134749999925
2024-01-03,sz000625,-8000,15.38,99.6624,138650.47234999994
2024-01-04,sz301236,-500,47.14,19.0917,162201.38064999995
2024-01-04,sh600023,32800,4.16,42.29888,25711.08176999996
2024-01-04,sh601898,2900,8.83,7.9381699999999995,96.1435999999594
2024-01-09,sh688041,-1800,68.98,100.57283999999999,124159.57075999997
2024-01-11,sz301236,200,42.2,5.0844,115714.48635999998
2024-01-11,sh688041,1700,66.61,35.10347,2442.382889999979
2024-01-11,sh601225,100,18.75,5.01875,562.364139999979
2024-01-12,sh688041,-1700,67.64,93.14027999999999,115457.22385999997
2024-01-18,sh600025,-15800,8.03,102.76793999999998,242228.45591999995
2024-01-18,sz301236,-100,45.78,7.33478,246799.12113999994
2024-01-18,sz300502,5600,23.39,40.605039999999995,115774.51609999995
2024-01-18,sh600066,11500,10.0,35.65,738.8660999999556
2024-01-18,sh600023,-1400,4.23,8.02022,6652.845879999956
2024-01-22,sz301236,-2900,39.37,92.48012999999999,120733.36574999994
2024-01-23,sz300832,-1800,66.58,97.07364,240480.29210999992
2024-01-25,sh600023,-31400,4.18,106.31412,371625.9779899999
2024-01-25,sz300502,-700,25.61,14.520869999999999,389538.4571199999
2024-01-25,sz300394,3900,33.21,40.15089,259979.30622999993
2024-01-25,sh601225,6500,19.9,40.098499999999994,130589.20772999995
2024-01-25,sh601898,10700,9.66,32.04222,27195.165509999948
2024-01-25,sz300308,300,78.6,7.309799999999999,3607.855709999949
2024-01-30,sz300502,-4900,21.52,85.41288,108970.44282999994
2024-01-30,sz300394,-3900,28.98,91.54782,221900.89500999992
2024-01-30,sz300308,-300,71.79,17.44497,243420.4500399999
2024-02-01,sh601898,-1900,10.66,16.40574,263658.0442999999
2024-02-01,sh601225,-500,20.49,10.22495,273892.8193499999
2024-02-01,sh601088,4100,30.32,38.536719999999995,149542.28262999989
2024-02-01,sz003816,35400,3.5,38.40899999999999,25603.873629999885
2024-02-01,sh600066,1500,9.3,5.1395,11648.734129999884
2024-02-08,sh600066,-1700,11.64,16.02828,31420.705849999886
2024-02-08,sh601898,700,10.66,5.07462,23953.631229999886
2024-02-08,sz300394,500,40.51,6.27905,3692.3521799998853
2024-02-08,sh601225,100,20.19,5.02019,1668.331989999885
2024-02-23,sh601898,-500,11.78,8.0039,7550.328089999885
2024-02-23,sh600066,600,11.82,5.07092,453.25716999988526
2024-02-23,sh601225,-100,23.35,6.190849999999999,2782.0663199998853
2024-03-01,sh601088,-4100,31.82,105.67421999999999,133138.39209999988
2024-03-01,sz300394,2400,47.47,35.317679999999996,19175.074419999888
2024-03-01,sh600066,-1300,13.28,13.98384,36425.09057999989
2024-03-01,sz300308,300,109.89,10.219769999999999,3447.870809999884
2024-03-01,sh601898,300,10.98,5.03294,148.83786999988388
2024-03-08,sz003816,-35400,3.79,108.67445999999998,134206.16340999986
2024-03-08,sh600066,300,13.28,5.03984,130217.12356999987
2024-03-08,sz300394,100,47.82,5.04782,125430.07574999987
2024-03-08,sz300308,900,119.11,33.23168999999999,18197.844059999872
2024-03-08,sh688036,100,111.0,5.111,7092.733059999871
2024-03-08,sh600938,200,25.37,5.05074,2013.6823199998717
2024-03-15,sh601898,-12200,10.57,104.45274,130863.22957999988
2024-03-15,sh600066,100,12.99,5.01299,129559.21658999988
2024-03-15,sh600938,5000,25.72,39.866,919.3505899998854
2024-03-15,sz300308,-100,117.77,11.00627,12685.344319999886
2024-03-15,sz300394,-300,51.77,12.920810000000001,28203.423509999888
2024-03-15,sh601899,2000,13.72,8.5064,754.9171099998894
2024-03-22,sh601225,-6100,21.69,107.17029,132956.74681999988
2024-03-22,sh688036,-100,106.5,10.4315,143596.31531999988
2024-03-22,sh601899,-2000,13.79,22.3398,171153.97551999986
2024-03-22,sh603993,20400,6.93,43.82531999999999,29738.150199999858
2024-03-22,sz300394,-200,56.74,10.78748,41075.36271999986
2024-03-22,sh600938,400,24.57,5.09828,31242.26443999986
2024-03-22,sz002463,1000,30.46,9.4426,772.8218399998623
2024-03-29,sh603993,-1300,7.54,9.99902,10564.822819999863
2024-03-29,sh600066,-300,13.28,7.03184,14541.790979999863
2024-03-29,sz300394,100,52.32,5.05232,9304.738659999864
2024-03-29,sh600023,1600,5.63,5.09008,291.6485799998645
2024-04-09,sz002463,-1000,28.38,22.9878,28648.660779999867
2024-04-09,sh600023,-1600,5.83,9.75728,37966.90349999987
2024-04-09,sh600066,-1100,15.84,14.11344,55376.79005999987
2024-04-09,sz300394,100,56.1,5.0561,49761.73395999987
2024-04-09,sh603993,500,7.97,5.03985,45771.694109999866
2024-04-09,sh601138,2200,19.95,13.605899999999998,1868.0882099998635
2024-04-16,sh600938,-5600,26.78,121.47407999999999,151714.61412999986
2024-04-16,sz300394,100,57.85,5.05785,145924.55627999984
2024-04-16,sh600066,-1000,18.53,15.0093,164439.54697999984
2024-04-16,sh601138,6000,19.33,35.95379999999999,48423.59317999985
2024-04-16,sh603993,-100,8.39,5.4278900000000005,49257.16528999985
2024-04-16,sz300308,200,117.99,7.315379999999999,25651.84990999985
2024-04-23,sh603993,-900,8.31,8.81429,33122.03561999985
2024-04-23,sh601138,200,18.85,5.0377,29346.99791999985
2024-04-23,sz300476,1200,22.89,8.51508,1870.4828399998478
2024-04-30,sh603993,200,8.41,5.01682,183.46601999984773
2024-04-30,sh601138,-600,23.1,12.0686,14031.397419999847
2024-04-30,sz300394,200,57.31,5.11462,2564.2827999998462
2024-05-10,sz300394,-3000,49.65,120.6495,151393.63329999984
2024-05-10,sz300476,4900,27.42,41.65098,16993.982319999835
2024-05-10,sh600066,-800,21.79,14.119919999999999,34411.86239999984
2024-05-10,sz300502,800,41.32,10.247359999999999,1345.6150399998369
2024-05-10,sh601138,-100,21.8,6.1118,3519.5032399998368
2024-05-10,sh603993,400,8.48,5.03392,122.4693199998369
2024-05-17,sz300308,-1300,118.34,124.61202,153839.85729999983
2024-05-17,sh601138,-400,23.0,9.692,163030.16529999982
2024-05-17,sz002916,2500,63.54,49.2435,4130.921799999807
2024-05-17,sh603993,500,8.11,5.04055,70.88124999980755
2024-05-24,sh603993,-19700,7.46,119.03922,146913.8420299998
2024-05-24,sh600066,300,20.53,5.06159,140749.7804399998
2024-05-24,sh688506,700,181.2,39.32039999999999,13870.460039999816
2024-05-24,sz002916,-100,68.29,8.482790000000001,20690.977249999818
2024-05-24,sz002532,3000,6.66,6.1937999999999995,704.7834499998171
2024-05-31,sh601138,-7300,21.47,126.95210999999999,157308.8313399998
2024-05-31,sz300476,-6100,24.92,123.12971999999999,309197.70161999983
2024-05-31,sz002916,-2400,66.76,129.78143999999998,469291.92017999984
2024-05-31,sh688506,-700,173.9,98.60130000000001,590923.3188799998
2024-05-31,sz002532,19000,7.28,42.8792,452560.43967999984
2024-05-31,sh601919,13200,12.3,50.3316,290150.1080799998
2024-05-31,sh600066,-300,20.43,8.12579,296270.9822899998
2024-05-31,sz002938,5800,27.6,49.62479999999999,136141.3574899998
2024-05-31,sz300502,2900,42.35,38.072649999999996,13288.28483999979
2024-06-07,sh688183,800,15.54,5.12432,851.1605199997884
2024-06-07,sh601919,-1200,14.21,13.81212,17889.34839999979
2024-06-07,sh600066,300,20.83,5.06249,11635.285909999791
2024-06-07,sz002938,-100,29.35,6.49685,14563.789059999792
2024-06-17,sh688183,700,19.86,5.13902,656.6500399997913
2024-06-17,sz002938,-400,32.5,11.629999999999999,13645.020039999792
2024-06-17,sz300502,-500,55.94,22.6557,41592.364339999796
2024-06-17,sh601919,2000,12.32,7.6384,16944.725939999797
2024-06-17,sh600066,300,20.43,5.06129,10810.664649999797
2024-06-24,sh688183,500,19.16,5.0958,1225.5688499997977
2024-06-24,sh601919,-300,13.35,7.04255,5223.526299999798
2024-06-24,sh600066,-200,22.57,7.30214,9730.224159999798
2024-06-24,sz002938,-200,35.8,8.6516,16881.572559999797
2024-06-24,sz300628,400,34.07,5.13628,3248.436279999796
2024-07-01,sh688183,100,18.16,5.01816,1427.418119999796
2024-07-01,sz002938,-300,37.86,10.792580000000001,12774.625539999797
2024-07-01,sh601919,400,13.13,5.05252,7517.573019999797
2024-07-01,sh600066,100,21.74,5.02174,5338.551279999797
2024-07-01,sz300628,100,32.42,5.03242,2091.518859999797
2024-07-03,sz300628,-500,31.4,13.007000000000001,17778.5118599998
2024-07-08,sh600066,-8300,20.56,138.22487999999998,188288.2869799998
2024-07-08,sz002532,-22000,6.94,123.6708,340844.6161799998
2024-07-08,sh688183,7700,18.37,43.84919,199351.76698999977
2024-07-08,sz002938,200,36.17,5.07234,192112.69464999976
2024-07-08,sz300502,-100,56.2,7.866199999999999,197724.82844999977
2024-07-08,sh688506,900,184.52,51.48107999999999,31605.34736999977
2024-07-09,sh688506,-900,169.8,123.7842,184301.56316999978
2024-07-15,sh601919,-14100,10.88,124.26048,337585.3026899998
2024-07-15,sh688183,-2700,26.25,57.40875,408402.8939399998
2024-07-15,sz300502,200,56.1,5.1122,397177.78173999983
2024-07-15,sz300476,5200,36.7,59.1604,206278.6213399998
2024-07-15,sz300433,10200,18.57,58.71834,16805.902999999817
2024-07-22,sh688183,300,23.96,5.07188,9612.831119999817
2024-07-22,sz002241,400,22.26,5.08904,703.7420799998163
2024-07-22,sz300476,-200,35.21,8.59142,7737.1506599998165
2024-07-26,sz300502,-3300,46.86,125.25677999999999,162249.8938799998
2024-07-29,sh688183,300,21.98,5.06594,155650.8279399998
2024-07-29,sz002938,-100,34.0,6.734,159044.09393999982
2024-07-29,sh688256,900,167.46,46.72134,8283.372599999828
2024-07-29,sz002241,300,20.75,5.06225,2053.310349999828
2024-07-29,sh601985,100,11.55,5.01155,893.2987999998279
2024-08-05,sz300476,-5000,31.31,126.8055,157316.49329999983
2024-08-05,sh601985,-100,10.49,5.53499,158359.95830999984
2024-08-05,sh688183,-100,20.82,6.061819999999999,160435.89648999984
2024-08-05,sz002384,6900,22.48,48.08471999999999,5275.811769999826
2024-08-05,sz002938,-200,31.8,8.2436,11627.568169999826
2024-08-05,sz002600,1700,6.52,5.11084,538.4573299998265
2024-08-06,sz002938,-4700,33.48,127.45835999999997,157766.9989699998
2024-08-06,sz300433,-10200,15.9,131.3658,319815.6331699998
2024-08-09,sh688183,-7600,19.34,119.05704,466680.5761299998
2024-08-12,sh688183,7900,19.68,48.19632,311160.37980999984
2024-08-12,sz002384,100,22.54,5.02254,308901.35726999986
2024-08-12,sz002600,22000,6.63,45.21659999999999,162996.14066999985
2024-08-12,sz002938,4700,33.05,48.15385,7612.9868199998455
2024-08-14,sz002938,-4700,32.05,122.01434999999998,158125.97246999983
2024-08-15,sh688183,-7900,19.21,122.92479,309762.04767999984
2024-08-19,sz002600,-600,6.64,7.03184,313739.01583999983
2024-08-19,sz002384,-100,22.34,6.13934,315966.87649999984
2024-08-19,sh605117,3600,42.16,47.05056,164143.82593999984
2024-08-19,sh600025,13500,11.51,48.169349999999994,8710.656589999824
2024-08-26,sz002241,-700,19.86,12.09002,22600.566569999824
2024-08-26,sz002600,-1100,7.19,9.03359,30500.532979999825
2024-08-26,sz002384,100,22.22,5.02222,28273.510759999826
2024-08-26,sh605117,200,41.33,5.08266,20002.428099999826
2024-08-26,sh601398,3400,5.82,6.1342799999999995,208.29381999982797
2024-08-28,sz002384,-7000,21.11,119.6937,147858.6001199998
2024-08-30,sh600025,-13500,10.72,117.22319999999999,292461.37691999984
2024-09-02,sz002600,-2800,8.53,19.34604,316326.03087999986
2024-09-02,sz002384,6700,23.94,49.72338,155878.30749999985
2024-09-02,sh605117,-100,42.06,7.145060000000001,160077.16243999984
2024-09-02,sz002241,7700,20.5,48.933499999999995,2178.2289399998263
2024-09-03,sz002241,-7700,19.33,120.56121,150898.6677299998
2024-09-04,sh601398,-3400,5.1,14.0454,168224.6223299998
2024-09-05,sh605117,-3700,39.83,119.37051,315476.2518199998
2024-09-05,sz002384,-6700,22.02,119.50254,462890.74927999976
2024-09-06,sh688256,-900,140.6,102.4974,589328.2518799998
2024-09-09,sz002600,900,7.02,5.06318,583005.1886999997
2024-09-09,sh605117,3600,39.45,44.026199999999996,440941.16249999974
2024-09-09,sh600482,6800,20.92,44.09935999999999,298641.06313999975
2024-09-09,sz001965,12400,11.59,44.551959999999994,154880.51117999974
2024-09-09,sh601601,5000,28.53,44.22149999999999,12186.289679999725
2024-09-10,sh605117,-3600,39.84,116.17344,155494.1162399997
2024-09-11,sz002600,-20100,6.65,108.26865,289050.84758999967
2024-09-12,sz001965,-12400,10.71,107.57123999999999,421747.2763499997
2024-09-18,sh600482,-500,22.27,10.67885,432871.5974999997
2024-09-18,sh601319,25200,5.58,43.590959999999995,292212.0065399997
2024-09-18,sh605117,3300,41.85,42.81255,154064.19398999968
2024-09-18,sh600660,3000,46.0,42.78,16021.41398999968
2024-09-18,sh601988,3800,4.13,5.15694,322.25704999968
2024-09-19,sh601988,-3800,4.19,13.120220000000002,16231.136829999681
2024-09-23,sh600482,-6300,20.5,104.6115,145276.52532999968
2024-09-24,sh605117,-3300,38.08,101.78783999999999,270838.7374899997
2024-09-25,sh600660,-3000,47.51,115.4493,413253.28818999964
2024-09-25,sh601319,-1400,6.08,9.34112,421755.94706999965
2024-09-25,sh601601,-400,31.26,11.377040000000001,434248.57002999965
2024-09-25,sh600999,9500,15.26,44.9407,289233.6293299997
2024-09-25,sh601898,10900,13.17,44.50143,145636.12789999967
2024-09-25,sz000651,3900,36.0,43.524,5192.603899999667
2024-10-09,sh601898,-10900,13.39,118.22031,151025.38358999966
2024-10-09,sh688041,1200,119.78,44.558159999999994,7244.825429999677
2024-10-09,sh601628,100,44.52,5.04452,2787.7809099996766
2024-10-09,sh601319,-1000,7.48,8.8148,10258.966109999677
2024-10-09,sh600999,-1000,21.51,17.423099999999998,31751.543009999677
2024-10-09,sh688047,200,140.0,8.679999999999998,3742.863009999677
2024-10-16,sh601601,-4600,35.48,132.19848,166818.6645299997
2024-10-16,sh601319,-22800,6.79,125.39771999999999,321505.2668099997
2024-10-16,sz000651,-3900,41.99,132.64641,485133.6203999997
2024-10-16,sh601628,-100,40.79,7.08029,489205.5401099997
2024-10-16,sh688047,-200,121.0,19.602,513385.9381099997
2024-10-16,sh688256,600,228.52,42.50471999999999,376231.4333899997
2024-10-16,sz002625,5300,30.23,49.66788999999999,215962.76549999966
2024-10-16,sh601336,3700,41.84,47.99048,61106.77501999965
2024-10-16,sh688041,100,114.59,5.11459,49642.660429999654
2024-10-16,sh600415,4800,10.17,15.132959999999999,811.5274699996517
2024-10-23,sh600999,-8500,19.28,132.7428,164558.78466999964
2024-10-23,sz002625,-500,36.26,14.685299999999998,182674.09936999963
2024-10-23,sh688981,1800,93.04,51.91632,15150.183049999643
2024-10-23,sh601336,300,44.16,5.13248,1897.0505699996447
2024-10-23,sz000617,200,8.48,5.01696,196.0336099996448
2024-10-30,sh600415,-4800,9.77,37.98576,47054.04784999964
2024-10-30,sz000617,-200,8.12,5.82824,48672.219609999636
2024-10-30,sz300803,700,64.75,14.050749999999999,3333.168859999634
2024-10-30,sz002625,-400,40.47,13.25588,19507.912979999634
2024-10-30,sz300059,800,21.74,5.391519999999999,2110.5214599996325
2024-11-06,sh688041,-1300,130.83,137.76399000000004,172051.75746999966
2024-11-06,sh688256,-600,294.97,143.35542000000004,348890.4020499997
2024-11-06,sz300803,1800,77.16,43.055279999999996,209959.34676999968
2024-11-06,sz300033,1000,184.14,57.0834,25762.26336999968
2024-11-06,sh601727,2300,10.77,7.679009999999999,983.5843599996806
2024-11-06,sz002625,-100,46.47,7.36997,5623.214389999681
2024-11-06,sz300059,200,27.47,5.05494,124.15944999968087
2024-11-13,sz300033,-100,217.71,17.63451,21877.524939999683
2024-11-13,sz002625,-100,48.96,7.49696,26766.027979999682
2024-11-13,sz300803,300,71.99,6.69507,5162.332909999681
2024-11-13,sh601727,400,10.93,5.04372,785.2891899996812
2024-11-27,sh601336,-4000,40.42,130.9608,162334.3283899997
2024-11-27,sz300033,-100,195.18,15.80958,181836.5188099997
2024-11-27,sh601727,16900,8.74,45.78886,34084.72994999969
2024-11-27,sz300059,1300,24.84,10.01052,1782.7194299996881
2024-12-04,sh688981,-1800,90.53,131.99274,164604.7266899997
2024-12-04,sz300803,-200,70.74,12.21548,178740.51120999968
2024-12-04,sz300059,4700,26.94,39.25158,52083.25962999968
2024-12-04,sz002625,500,39.96,6.1937999999999995,32097.06582999968
2024-12-11,sz300059,-200,27.69,7.824380000000001,37627.24144999968
2024-12-11,sh688256,100,355.33,11.015229999999999,2083.226219999684
2024-12-11,sz002625,-100,41.07,7.094570000000001,6183.131649999684
2024-12-18,sh688183,100,40.91,5.04091,2087.090739999684
2024-12-24,sz300803,-2600,64.36,135.54216,169287.54857999968
2024-12-25,sh688256,300,435.91,40.53963,38474.00894999967
2024-12-25,sz301165,1000,37.92,11.7552,542.2537499996688
2024-12-25,sz002625,-500,44.61,18.06705,22829.186699999667
2024-12-31,sh601727,-19600,7.99,126.84924000000001,179306.33745999966
2025-01-02,sz300059,-6800,25.42,140.01335999999998,352022.3240999996
2025-01-02,sz300033,-800,194.42,125.98416,507432.3399399996
2025-01-02,sz002625,-300,47.47,12.26291,521661.07702999964
2025-01-02,sh601727,22600,8.04,56.32823999999999,339900.74878999963
2025-01-02,sh603893,1700,107.65,56.73155,156839.01723999964
2025-01-02,sz301165,4000,35.13,43.5612,16275.45603999964
2025-01-03,sh601727,-22600,7.48,136.92888,185186.52715999965
2025-01-06,sz002625,-3800,40.37,124.25886,338468.26829999965
2025-01-09,sh688256,-100,485.57,39.33117,386985.9371299996
2025-01-09,sz300442,3700,47.69,54.70043,210478.23669999963
2025-01-09,sh688183,4500,39.64,55.297799999999995,32042.93889999963
2025-01-09,sh603893,-200,121.34,19.65708,56291.281819999625
2025-01-16,sh688183,-4600,36.29,135.21654,223090.06527999963
2025-01-16,sz300442,-200,52.85,10.390699999999999,233649.67457999964
2025-01-16,sh603986,1300,130.98,52.78493999999999,63322.88963999963
2025-01-16,sh603893,-200,130.6,21.1572,89421.73243999963
2025-01-16,sz300033,400,195.57,24.25068,11169.481759999631
2025-01-17,sz300033,-400,194.44,62.99856,88882.48319999962
2025-01-23,sz300442,-200,57.23,10.83746,100317.64573999963
2025-01-23,sh603893,-100,152.18,12.76118,115522.88455999963
2025-01-23,sh600183,3800,29.62,34.89236,2931.9921999996295
2025-02-05,sh688256,-300,396.98,96.46614,121929.52605999963
2025-02-07,sz301165,-5000,32.79,132.7995,285746.72655999963
2025-02-07,sh600183,-3800,26.0,80.02799999999999,384466.69855999964
2025-02-07,sh603893,-200,191.84,31.07808,422803.62047999963
2025-02-07,sz300442,-200,62.04,11.32808,435200.2923999996
2025-02-07,sh601689,2600,73.89,59.555339999999994,243026.73705999964
2025-02-07,sz002050,5600,33.83,58.72888,53520.008179999626
2025-02-07,sh603986,100,138.41,5.13841,39673.86976999963
2025-02-14,sh601689,-2600,68.73,144.74538,218227.1243899996
2025-02-14,sz002050,-5600,31.66,143.60976,395379.51462999964
2025-02-14,sz300251,6300,32.16,62.80847999999999,192708.70614999966
2025-02-14,sz300442,100,55.84,5.05584,187119.65030999968
2025-02-14,sh688256,400,425.85,52.8054,16726.844909999665
2025-02-14,sh603296,200,59.94,5.11988,4733.725029999665
2025-02-21,sh688256,-400,431.88,139.92912,177345.79590999967
2025-02-21,sz300251,100,26.85,5.02685,174655.76905999967
2025-02-21,sz300442,-100,59.23,8.02073,180570.74832999968
2025-02-21,sh600183,5400,31.5,52.730999999999995,10418.017329999682
2025-02-21,sz002602,1500,6.74,5.1011,302.9162299996824
2025-02-28,sz002602,-1500,6.26,9.7889,9683.127329999683
2025-02-28,sz300251,400,23.83,5.09532,146.0320099996825
2025-02-28,sz300442,-400,63.53,20.58372,25537.448289999684
2025-02-28,sh688521,300,80.68,7.503240000000001,1325.945049999682
2025-03-07,sh603296,-200,59.22,11.04044,13158.904609999681
2025-03-07,sh600183,-5400,26.76,117.04823999999999,157545.85636999967
2025-03-07,sz300251,500,23.5,5.1175,145790.73886999968
2025-03-07,sz300442,-100,66.22,8.377220000000001,152404.3616499997
2025-03-07,sh688521,1500,94.86,44.109899999999996,10070.251749999676
2025-03-07,sh601100,100,85.19,5.08519,1546.1665599996759
2025-03-14,sz300251,-200,22.83,7.328659999999999,6104.837899999676
2025-03-14,sz300442,-100,63.23,8.224730000000001,12419.613169999677
2025-03-14,sz300476,100,70.68,5.07068,5346.542489999676
2025-03-21,sh603986,-1400,125.91,142.78194,181477.7605499997
2025-03-21,sz300251,400,22.27,5.08908,172564.67146999968
2025-03-21,sh688521,-100,96.79,9.93629,182233.73517999967
2025-03-21,sz300476,1900,81.71,48.12718999999999,26936.60798999967
2025-03-21,sh601100,300,83.44,7.759919999999999,1896.848069999669
2025-03-26,sz300442,-2500,55.23,111.84075000000001,139860.00731999966
2025-03-28,sz300251,400,20.9,5.0836,131494.92371999964
2025-03-28,sh688521,-200,106.7,17.2854,152817.63831999965
2025-03-28,sh601100,1600,80.96,40.15615999999999,23241.482159999665
2025-04-07,sz300251,-400,19.76,9.03104,31136.451119999667
2025-04-07,sz300476,200,61.97,5.12394,18737.327179999666
2025-04-07,sh603893,-100,147.96,12.545960000000001,33520.78121999967
2025-04-08,sh603893,-900,138.85,101.22165000000001,158384.55956999966
2025-04-08,sz300251,-7500,18.05,109.65375,293649.90581999964
2025-04-08,sh601100,-2000,71.41,115.68419999999999,436354.2216199996
2025-04-09,sz300476,-2200,57.7,102.82139999999998,563191.4002199996
2025-04-14,sz300251,7200,19.5,43.524,422747.8762199996
2025-04-14,sh688521,-100,97.0,9.947000000000001,432437.92921999964
2025-04-14,sz300476,2000,71.71,44.46019999999999,288973.4690199996
2025-04-14,sz300661,1500,89.8,41.757,154231.7120199996
2025-04-14,sh601100,1800,74.7,41.682599999999994,19730.0294199996
2025-04-15,sz300251,-7200,19.53,113.89896,160232.1304599996
2025-04-15,sh601100,-1800,72.44,105.61751999999998,290518.5129399996
2025-04-21,sz300476,-200,76.59,12.81218,305823.70075999957
2025-04-21,sz002602,20700,6.85,43.95645,163984.74430999957
2025-04-21,sh688506,500,255.0,39.525,36445.21930999958
2025-04-28,sz300661,-1500,77.26,93.8709,152241.3484099996
2025-04-28,sh688521,100,89.6,5.0896,143276.2588099996
2025-04-28,sz002602,-800,6.94,7.831519999999999,148820.42728999958
2025-04-28,sh688506,-100,271.16,21.96396,175914.4633299996
2025-04-28,sh600039,17200,7.95,42.3894,39132.073929999606
2025-05-08,sh688521,100,88.6,5.0886,30266.985329999607
2025-05-08,sz002602,-1600,7.76,11.33216,42671.653169999605
2025-05-08,sh600039,200,8.13,5.01626,41040.63690999961
2025-05-12,sh688521,-1600,83.35,108.0216,174292.61530999962
2025-05-15,sz300476,-100,78.16,8.98616,182099.62914999962
2025-05-15,sh688521,1600,84.0,41.663999999999994,47657.965149999625
2025-05-15,sh688506,100,265.99,8.24569,21050.719459999626
2025-05-15,sh600039,-600,8.39,7.56734,26077.152119999628
2025-05-15,sz002602,-600,8.05,7.4633,30899.68881999963
2025-05-16,sh688521,-1600,86.51,112.11696,169203.57185999962
2025-05-22,sz300476,100,76.11,5.07611,161587.49574999962
2025-05-22,sz002422,3900,36.71,44.38239,18374.11335999961
2025-05-22,sh600415,1100,16.2,5.5241999999999996,548.5891599996103
2025-05-29,sh688506,-500,267.9,108.49949999999998,134390.0896599996
2025-05-29,sz002422,-3900,36.0,113.724,274676.3656599996
2025-05-29,sh605499,600,233.83,43.49238,134334.8732799996
2025-05-29,sz002602,-1900,9.35,14.38965,152085.4836299996
2025-05-29,sh600039,600,8.47,5.05082,146998.4328099996
2025-05-29,sh601077,21600,6.79,45.46583999999999,288.96696999960113
2025-06-06,sz300476,-300,97.57,23.709509999999995,29536.257459999597
2025-06-06,sz002602,700,9.53,5.06671,22860.190749999598
2025-06-06,sh600415,1200,17.58,6.5397599999999985,1757.6509899996017
2025-06-13,sh600039,-17400,8.62,121.49027999999998,151624.16070999962
2025-06-13,sh688506,400,330.0,40.919999999999995,19583.240709999605
2025-06-13,sh600415,1000,18.23,5.651299999999999,1347.589409999604
2025-06-20,sz002602,-1000,10.54,10.3754,11877.214009999603
2025-06-20,sh600415,600,18.96,5.11376,496.10024999960297
2025-06-20,sz300476,-100,115.31,10.88081,12016.219439999602
2025-06-27,sh601077,-21600,7.18,125.62127999999998,166978.59815999962
2025-06-27,sh688183,3600,46.19,51.54804,643.0501199996215
2025-06-27,sz300476,-100,126.05,11.428550000000001,13236.621569999621
2025-06-27,sz002558,600,21.86,5.13116,115.49040999962017
2025-07-04,sh605499,-600,233.4,113.43239999999999,140042.05800999963
2025-07-04,sh688506,-400,300.0,97.2,259944.85800999962
2025-07-04,sz300476,-100,142.01,12.24251,274133.6154999996
2025-07-04,sz300502,1800,92.01,51.34157999999999,108464.2739199996
2025-07-04,sh688183,-100,48.99,7.49849,113355.7754299996
2025-07-04,sz002602,-300,11.46,6.75338,116787.0220499996
2025-07-04,sz002558,5000,23.31,36.1305,200.89154999960738
2025-07-11,sh600415,-3900,18.15,57.33584999999999,70928.5556999996
2025-07-11,sz300502,100,95.21,5.09521,61402.460489999605
2025-07-11,sz002558,1300,26.03,10.49009,27552.970399999605
2025-07-11,sh688183,300,47.07,5.14121,13426.829189999606
2025-07-11,sz002602,-800,12.16,9.961279999999999,23144.867909999608
2025-07-18,sz300502,-400,132.5,42.93,76101.9379099996
2025-07-18,sz002384,1300,58.0,23.374,678.5639099996042
2025-07-18,sh688183,-100,52.71,7.68821,5941.875699999604
2025-07-18,sz300476,-100,168.27,13.62987,22755.245829999603
2025-07-18,sz002463,400,53.01,6.573239999999999,1544.6725899996018
2025-08-01,sz002602,-14400,12.64,147.43295999999998,183413.2396299996
2025-08-01,sz002558,-6900,23.06,128.88234,342398.3572899996
2025-08-01,sz300308,900,211.12,58.90248,152331.45480999962
2025-08-01,sz300476,-100,184.05,14.90805,170721.54675999962
2025-08-01,sz002384,2200,57.19,39.00358,44864.543179999615
2025-08-01,sz300394,600,74.14,13.790039999999998,366.7531399996151
2025-08-08,sh688183,-3700,48.32,144.81504,179005.93809999962
2025-08-08,sz002558,6300,28.32,55.30895999999999,534.6291399996262
2025-08-15,sz002463,-400,54.38,17.61912,22269.010019999627
2025-08-15,sz300502,-200,163.58,26.49996,54958.51005999963
2025-08-15,sh601138,1300,41.61,16.768829999999998,848.7412299996286
2025-08-22,sz002384,-3500,51.05,144.72674999999998,179379.01447999963
2025-08-22,sz300502,-100,180.86,14.64966,197450.36481999964
2025-08-22,sz300308,-100,257.71,20.874509999999997,223200.49030999964
2025-08-22,sz002837,4500,48.72,67.9644,3892.5259099996474
2025-08-29,sz002558,-6300,30.27,154.46781,194439.05809999965
2025-08-29,sz300502,-100,249.29,20.19249,219347.86560999963
2025-08-29,sz002837,200,62.95,5.1259,206752.73970999965
2025-08-29,sz300394,1500,133.36,62.0124,6650.727309999609
2025-09-05,sz300308,-100,376.62,30.50622,44282.221089999606
2025-09-05,sz300502,100,228.57,7.0856699999999995,21418.135419999606
2025-09-05,sh601138,400,52.32,6.487679999999999,483.64773999960744
2025-09-12,sz300502,-100,256.43,20.77083,26105.876909999606
2025-09-12,sh601138,400,57.9,7.1796,2938.6973099996067
2025-09-12,sz300476,-100,318.02,25.759619999999998,34714.937689999606
2025-09-12,sz300450,500,57.98,8.986899999999999,5715.950789999606
2025-10-13,sz300476,-900,247.01,180.07029,227844.8804999996
2025-10-13,sz300394,-2100,104.41,177.60141,446928.2790899996
2025-10-13,sh601138,2300,60.02,42.794259999999994,308839.4848299996
2025-10-13,sz002837,200,53.72,5.10744,298090.37738999963
2025-10-13,sh688256,300,811.07,75.42951000000001,54693.947879999614
2025-10-20,sz300502,-1100,238.58,212.57477999999998,316919.3730999996
2025-10-20,sh601138,100,61.02,5.06102,310812.3120799996
2025-10-20,sz301308,1500,182.27,84.75554999999999,37322.556529999594
2025-10-20,sz300450,600,53.22,9.898919999999999,5380.657609999595
2025-10-27,sz300308,-100,502.98,40.74138,55637.916229999595
2025-10-27,sz301308,-100,227.53,18.42993,78372.4862999996
2025-10-27,sh601138,300,68.28,6.350039999999999,57882.13625999959
2025-10-27,sz002837,700,59.1,12.8247,16499.311559999594
2025-11-03,sz002837,-5600,53.78,243.94608,317423.3654799996
2025-11-03,sz301308,-200,255.03,41.314859999999996,368388.0506199996
2025-11-03,sz300450,4400,56.36,76.87503999999998,120327.17557999957
2025-11-03,sz002709,2900,40.33,36.25667,3333.918909999571
2025-11-03,sh601138,-300,69.38,16.85934,24131.059569999572
2025-11-10,sz002709,500,43.65,6.76575,2299.2938199995733
2025-11-13,sz300450,-5500,49.23,219.31964999999997,272844.97416999954
2025-11-17,sh688256,-300,882.85,214.53255000000001,537485.4416199995
2025-11-17,sh601138,-4500,63.41,231.12945000000002,822599.3121699995
2025-11-17,sz301308,-200,299.99,48.59838,882548.7137899995
2025-11-17,sz002709,3400,47.02,49.559079999999994,722631.1547099994
2025-11-17,sz300450,5800,54.72,98.38655999999999,405156.76814999944
2025-11-17,sh688072,900,334.67,93.37292999999998,103860.39521999942
2025-11-20,sz300450,-5800,50.73,238.32953999999998,397856.0656799994
2025-11-24,sz301308,100,237.01,7.347309999999999,374147.71836999943
2025-11-24,sz002709,400,39.45,5.1578,358362.56056999945
2025-11-24,sz300450,6100,47.72,90.23852,67180.32204999943
2025-11-24,sz002460,1000,61.85,19.1735,5311.148549999438
2025-11-25,sz300450,-6100,47.85,236.42685,296959.72169999947
2025-12-01,sz301308,100,248.93,7.716829999999999,272059.0048699995
2025-12-01,sz002028,1900,142.8,84.10919999999999,654.8956699994742
2025-12-04,sz002460,-1000,59.4,48.114,60006.78166999947
2025-12-08,sz300308,-600,542.0,263.412,384943.36966999946
2025-12-08,sz002028,-100,160.06,13.16306,400936.20660999947
2025-12-08,sz002709,600,37.61,6.99546,378363.21114999946
2025-12-08,sz002353,4200,70.67,92.01234,81457.19880999945
2025-12-15,sz002709,-7800,37.6,237.5568,374499.6420099994
2025-12-15,sz301308,-100,248.81,20.15361,399360.48839999945
2025-12-15,sz002028,200,149.8,9.2876,369391.20079999947
2025-12-15,sh600089,13400,23.54,97.78515999999999,53857.41563999944
2025-12-15,sz002353,-100,74.36,8.79236,61284.62327999944
2025-12-22,sz002353,-4100,68.5,227.4885,341907.13477999944
2025-12-22,sh600089,-13400,21.62,234.66348,631380.4712999994
2025-12-22,sz301308,100,247.01,7.65731,606671.8139899994
2025-12-22,sh600118,4900,60.49,91.88431,310178.92967999936
2025-12-22,sh688072,-100,329.31,26.67411,343083.25556999934
2025-12-22,sz000657,10800,27.57,92.30435999999999,45234.95120999933
2025-12-29,sh688072,-800,342.67,222.05016,319148.90104999935
2025-12-29,sh600118,-800,80.99,52.48151999999999,383888.4195299993
2025-12-29,sz000657,500,29.27,5.14635,369248.2731799993
2025-12-29,sh600362,6900,49.81,106.54359,25452.729589999304
2025-12-29,sz000807,800,30.38,7.534239999999999,1141.1953499993033
2026-01-05,sz301308,-1200,254.7,247.5684,306533.6269499993
2026-01-07,sz002028,-2000,150.31,243.50220000000002,606910.1247499993
2026-01-07,sh600362,-6900,54.9,306.8361,985413.2886499993
2026-01-07,sh600118,-800,102.99,66.73751999999999,1067738.5511299993
2026-01-07,sh601698,8200,44.47,113.04274,702971.5083899994
2026-01-07,sz000807,9400,34.47,100.44557999999999,378853.0628099994
2026-01-07,sh601600,25600,13.81,109.59615999999998,25207.466649999376
2026-01-07,sz000657,700,29.77,6.460089999999999,4362.006559999376
2026-01-14,sh600118,-300,116.99,28.42857,39430.57798999938
2026-01-14,sh601698,-500,44.77,18.13185,61797.446139999374
2026-01-14,sz002202,1700,34.27,18.060290000000002,3520.3858499993657
2026-01-14,sz000657,-800,32.99,21.377519999999997,29891.008329999368
2026-01-14,sz000408,300,88.0,8.184,3482.8243299993665
2026-01-21,sz000807,-10200,32.62,269.50644,335937.31788999937
2026-01-21,sh601600,-25600,13.05,270.60479999999995,669746.7130899994
2026-01-21,sz000408,-300,90.38,21.96234,696838.7507499994
2026-01-21,sh600118,500,98.04,15.1962,647803.5545499994
2026-01-21,sz000657,-2100,38.18,64.94417999999999,727916.6103699994
2026-01-21,sh600549,6400,53.96,107.05663999999999,382465.5537299994
2026-01-21,sh600219,53500,6.47,107.30494999999999,36213.24877999938
2026-01-21,sh601698,1000,35.98,11.153799999999999,222.0949799993832
2026-01-28,sz000657,-1400,49.76,56.427839999999996,69829.66713999938
2026-01-28,sz002202,2400,28.11,20.913839999999997,2344.7532999993855
2026-01-28,sh600549,-400,59.6,19.3104,26165.442899999387
2026-01-28,sh601698,600,38.73,7.203779999999998,2920.239119999391
2026-02-04,sh600219,-53500,6.8,294.678,366425.5611199994
2026-02-04,sh600118,400,93.95,11.649799999999999,328833.9113199994
2026-02-04,sz000657,200,47.65,5.0953,319298.8160199994
2026-02-04,sh601698,-200,40.27,9.10754,327343.7084799994
2026-02-04,sz300442,3800,85.76,101.02528,1354.6831999993883
2026-02-11,sz000657,-1600,47.81,61.96176,77788.72143999938
2026-02-11,sh600118,-600,90.46,43.96356,132020.75787999938
2026-02-11,sz300394,600,204.36,38.010960000000004,9366.746919999365
2026-02-11,sh600549,-800,57.4,37.1952,55249.55171999936
2026-02-26,sz000657,300,60.95,5.668349999999999,36958.88336999936
2026-02-26,sz300394,100,245.21,7.601509999999999,12430.281859999362
2026-02-26,sh600118,100,87.99,5.08799,3626.1938699993625
2026-03-05,sh601698,-9100,37.18,274.05378,341690.14008999936
2026-03-05,sz002202,-4100,27.4,90.9954,453939.14468999935
2026-03-05,sz000657,-300,67.58,16.42194,474196.7227499994
2026-03-05,sh600549,100,80.56,5.08056,466135.6421899994
2026-03-05,sh600118,1100,94.33,32.166529999999995,362340.4756599994
2026-03-05,sz300394,1000,243.79,75.5749,118474.90075999941
2026-03-05,sz002353,1000,117.3,36.363,1138.53775999941
2026-03-12,sz300394,-1700,235.93,324.87561,401894.6621499994
2026-03-12,sz002353,-1000,111.31,90.1611,513114.5010499994
2026-03-12,sz000657,100,62.28,5.06228,506881.43876999937
2026-03-12,sh600026,18000,22.18,123.7644,107517.67436999938
2026-03-12,sh601872,6600,16.05,32.8383,1554.836069999379
2026-03-12,sh600118,-200,92.69,15.01578,20077.820289999378
2026-03-16,sh600118,-4300,87.19,303.68277,394691.13751999935
2026-03-19,sh600549,-5300,58.1,249.42329999999998,702371.7142199993
2026-03-19,sh600026,-2300,24.59,45.811170000000004,758882.9030499993
2026-03-19,sz000657,600,52.97,9.852419999999999,727091.0506299993
2026-03-19,sh601872,15000,17.75,82.5375,460758.5131299993
2026-03-19,sh600989,12300,32.86,125.29517999999999,56455.21794999926
2026-03-19,sz002202,1800,29.8,16.6284,2798.589549999262
2026-03-26,sh600026,-1000,24.95,20.2095,27728.38004999926
2026-03-26,sh601872,-200,16.95,6.7289,31111.651149999263
2026-03-26,sz000657,400,49.58,6.147919999999999,11273.503229999264
2026-03-26,sz300442,100,86.54,5.08654,2614.4166899992633
2026-04-01,sz000657,-7400,48.5,290.709,361223.7076899993
2026-04-01,sz002202,-1800,26.33,38.38914,408579.3185499993
2026-04-02,sh600989,-12300,28.07,279.66141,753560.6571399993
2026-04-02,sh600026,600,22.76,5.13656,739899.5205799993
2026-04-02,sh601872,-1300,17.9,18.848699999999997,763150.6718799993
2026-04-02,sh688521,1600,219.92,109.08031999999999,411169.59155999933
2026-04-02,sz300442,300,83.76,7.78968,386033.80187999934
2026-04-02,sz000657,7300,47.77,108.10351,37204.69836999936
2026-04-03,sz000657,-7300,46.63,275.72319,377327.97517999937
2026-04-08,sz300442,-4200,82.86,281.88972,725058.0854599994
2026-04-10,sh688521,-1600,245.0,317.52,1116740.5654599993
2026-04-10,sh601872,-1000,19.35,15.6735,1136074.8919599992
2026-04-10,sh600026,-500,25.28,11.4464,1148703.4455599992
2026-04-10,sh600522,11900,31.12,114.80167999999999,778260.6438799992
2026-04-10,sz300442,4200,87.76,114.26351999999999,409554.3803599992
2026-04-10,sz300394,1500,247.29,114.98984999999999,38504.39050999918
2026-04-17,sz002384,200,155.0,9.61,7494.780509999182
2026-04-17,sh600176,200,32.46,5.06492,997.7155899991822
2026-04-17,sz300394,-100,257.99,20.89719,26775.81839999918
2026-04-17,sz300442,-500,93.76,37.9728,73617.84559999919
2026-04-17,sh605117,700,98.0,21.266,4996.579599999182
2026-04-24,sh600026,-14800,20.97,251.38835999999998,315101.1912399992
2026-04-24,sz300442,-3700,94.54,283.33637999999996,664615.8548599991
2026-04-24,sz002384,1700,193.5,101.97449999999999,335563.88035999914
2026-04-24,sh600522,-1000,33.74,27.3294,369276.55095999915
2026-04-24,sh605117,2800,103.93,90.21123999999999,78182.33971999917
2026-04-24,sh600176,2300,33.31,23.75003,1545.5896899991785
2026-04-29,sz300394,-1400,217.36,246.48624,305603.1034499992
2026-05-06,sh600176,7900,35.01,85.73948999999999,28938.363959999173
2026-05-06,sz300408,300,85.05,7.90965,3415.4543099991715
2026-05-06,sh600188,100,21.68,5.02168,1242.4326299991717
2026-05-06,sh605117,-200,107.47,17.41014,22719.022489999174
2026-05-13,sh601872,-19100,17.69,273.68199,360324.3404999992
2026-05-13,sh600188,-100,20.73,6.057230000000001,362391.2832699992
2026-05-13,sz002384,-100,213.0,17.253,383674.0302699992
2026-05-13,sh600522,-1700,42.28,58.21956,455491.8107099992
2026-05-13,sz000988,2800,139.75,121.30299999999998,64070.50770999916
2026-05-13,sz301308,100,551.01,17.08131,8952.42639999916
2026-05-13,sh600176,200,36.81,5.07362,1585.3527799991598
2026-05-20,sh600176,-10600,34.58,296.90387999999996,367836.44889999914
2026-05-20,sz000988,-300,158.16,38.43288,415246.01601999917
2026-05-20,sz301308,600,555.82,103.38252,81650.63349999912
2026-05-27,sh600522,-9200,39.54,294.65208,445123.9814199991
2026-05-27,sh605117,-3300,118.45,316.61685,835692.364569999
2026-05-27,sz300408,-300,119.03,28.92429,871372.440279999
2026-05-27,sh688072,500,742.17,115.03634999999998,500172.40392999904
2026-05-27,sz000988,-100,166.7,13.5027,516828.901229999
2026-05-27,sz002938,3500,109.2,118.482,134510.419229999
2026-05-27,sz300308,100,1090.0,33.79,25476.629229999016
2026-06-03,sz000988,-2400,153.73,298.85112,394129.778109999
2026-06-03,sh688072,-500,589.67,238.81635,688725.961759999
2026-06-03,sz300408,2800,134.79,116.99771999999999,311196.96403999906
2026-06-03,sz300308,200,1220.0,75.63999999999999,67121.32403999905
2026-06-03,sh600183,400,137.0,16.988,12304.336039999049
2026-06-03,sz002938,-100,111.0,10.661,23393.67503999905
2026-06-10,sz301308,-700,506.88,287.40096,377922.2740799991
2026-06-10,sz300408,-100,135.5,11.9105,391460.3635799991
2026-06-10,sh600183,2200,147.0,100.25399999999999,67960.10957999906
2026-06-10,sz002384,-100,216.59,17.543789999999998,89601.56578999906
2026-06-17,sh600183,-300,180.0,43.739999999999995,143557.82578999907
2026-06-17,sz300408,100,150.0,5.15,128552.67578999908
2026-06-17,sz002384,-100,255.12,20.66472,154044.01106999908
2026-06-17,sh600522,2900,52.39,47.098609999999994,2065.91245999909
2026-06-25,sz300308,-300,1326.0,322.21799999999996,399543.6944599991
2026-06-25,sh600183,100,179.9,5.576899999999999,381548.1175599991
2026-06-25,sh688082,900,398.38,111.14801999999999,22894.96953999909
2026-06-25,sz300408,100,150.19,5.15019,7870.819349999088
2026-06-25,sh600176,100,66.1,5.0661,1255.7532499990893
2026-07-02,sz002938,-3400,100.0,275.4,340980.35324999905
2026-07-02,sh600522,-2900,52.39,123.06411,492788.2891399991
2026-07-02,sz300408,-400,161.85,52.43939999999999,557475.849739999
2026-07-02,sh603986,500,721.0,111.755,196864.09473999904
2026-07-02,sh600183,200,155.0,9.61,165854.48473999905
2026-07-02,sh688082,100,389.38,12.07078,126904.41395999904
2026-07-02,sh600176,1800,67.8,37.83239999999999,4826.581559999046
2026-07-09,sz002384,-1600,242.0,313.632,391712.94955999905
2026-07-09,sh688082,-100,427.36,34.61616,434414.3333999991
2026-07-09,sh603986,100,633.0,19.622999999999998,371094.71039999905
2026-07-09,sh600584,3700,97.7,112.0619,9492.648499999079
2026-07-14,sz300408,-2500,111.49,225.76725,287991.8812499991
2026-07-16,sh600176,-1900,50.36,77.50404,383598.37720999913
2026-07-16,sh600183,-300,148.0,35.964,427962.41320999915
2026-07-16,sh688082,100,329.31,10.208609999999998,395021.2045999991
2026-07-16,sh600584,100,87.46,5.08746,386270.1171399991
2026-07-16,sh688072,400,735.02,91.14247999999999,92170.97465999913
2026-07-20,sh603986,-600,479.0,232.794,379338.18065999914
2026-07-21,sh600183,-2300,129.32,240.92316,676533.2574999991
2026-07-23,sh600584,-100,85.78,9.37478,685101.8827199992
2026-07-23,sz301165,2500,132.3,102.5325,354249.3502199992
2026-07-23,sh688012,800,398.97,98.94456,34974.40565999923
2026-07-29,sh688082,-1000,286.38,231.96779999999998,321122.43785999925
2026-07-29,sh600584,-3700,76.7,229.8699,604682.5679599992
2026-07-30,sh688082,1000,277.38,85.9878,327216.5801599992
2026-07-30,sz301165,200,105.74,6.555879999999999,306062.0242799992
2026-07-30,sh600584,3900,70.0,84.63,32977.39427999919
2026-07-30,sh600183,300,105.0,9.764999999999999,1467.6292799991934
2026-07-31,sh688012,-800,389.0,252.07199999999997,312415.5572799992
2026-07-31,sh688082,-1000,290.0,234.89999999999998,602180.6572799992
2026-07-31,sh600584,-3900,70.27,221.98293,876011.6743499993
2026-07-31,sh600183,-300,110.09,26.75187,909011.9224799993
2026-08-04,sh688072,-400,596.01,193.10724,1147222.8152399992
2026-08-06,sh688072,400,646.0,80.104,888742.7112399992
2026-08-06,sh688082,1000,268.0,83.08,620659.6312399991
2026-08-06,sz301165,-200,109.49,17.737379999999998,642539.8938599991
2026-08-06,sh688012,800,348.0,86.304,364053.58985999913
2026-08-06,sh603259,1900,148.82,87.65498,81207.93487999914
2026-08-07,sh688082,-1000,279.17,226.1277,360151.80717999913
2026-08-13,sz301165,-100,129.0,11.579,373040.2281799991
2026-08-13,sz002422,6600,46.21,94.54565999999998,67959.6825199991
2026-08-20,sz301165,100,124.02,5.12402,55552.5584999991
2026-08-20,sh603259,-100,171.0,13.851,72638.7074999991
2026-08-20,sz002422,100,46.3,5.0463,68003.6611999991
2026-08-20,sz000938,1900,35.22,20.74458,1064.9166199991014
2026-08-21,sh688072,-400,677.0,219.348,271645.5686199991
2026-08-24,sh688012,-800,364.0,235.872,562609.6966199991
2026-08-25,sz002422,-6700,41.26,223.91802,838827.7785999991
2026-08-27,sz000938,6400,35.3,70.03519999999997,612837.7433999991
2026-08-27,sz002422,6700,43.19,89.70563,323375.0377699991
2026-08-27,sh601872,15900,17.8,87.7362,40267.30156999914
2026-08-28,sz002422,-6700,42.0,227.934,321439.3675699991
